
-- --------------------------------------------------
-- Script has ended
-- --------------------------------------------------

USE [virolitest]

--
-- STARE ATTENTI CON LE FOREIGN KEY, CHIEDERE PRIMA !!!!!!! =)
--

--ZONA

SET IDENTITY_INSERT [dbo].[ZonaSets] ON
INSERT INTO [dbo].[ZonaSets] ([IdZona], [Zone]) VALUES (0, N'Default')
INSERT INTO [dbo].[ZonaSets] ([IdZona], [Zone]) VALUES (1, N'Cesena')
INSERT INTO [dbo].[ZonaSets] ([IdZona], [Zone]) VALUES (2, N'Cesenatico')
INSERT INTO [dbo].[ZonaSets] ([IdZona], [Zone]) VALUES (3, N'SantGiovanni')
INSERT INTO [dbo].[ZonaSets] ([IdZona], [Zone]) VALUES (4, N'Savignano')
SET IDENTITY_INSERT [dbo].[ZonaSets] OFF

--//ZONA

--TERMINALE

SET IDENTITY_INSERT [dbo].[TerminalSets] ON
INSERT INTO [dbo].[TerminalSets] ([IdTerminale], [NomeTerminale], [ZonaIdZona]) VALUES (0, N'Cansas', 0)
INSERT INTO [dbo].[TerminalSets] ([IdTerminale], [NomeTerminale], [ZonaIdZona]) VALUES (1, N'Cansas', 1)
INSERT INTO [dbo].[TerminalSets] ([IdTerminale], [NomeTerminale], [ZonaIdZona]) VALUES (2, N'Casablanca', 2)
INSERT INTO [dbo].[TerminalSets] ([IdTerminale], [NomeTerminale], [ZonaIdZona]) VALUES (3, N'Florida', 3)
INSERT INTO [dbo].[TerminalSets] ([IdTerminale], [NomeTerminale], [ZonaIdZona]) VALUES (4, N'Roma', 4)
INSERT INTO [dbo].[TerminalSets] ([IdTerminale], [NomeTerminale], [ZonaIdZona]) VALUES (5, N'Pajaritos',1)
SET IDENTITY_INSERT [dbo].[TerminalSets] OFF

--//TERMINALE


--TURNO

SET IDENTITY_INSERT [dbo].[TurnoSets] ON
INSERT INTO [dbo].[TurnoSets] ([IdTurno], [NomeTurno],[Paga], [FasciaOraria]) VALUES (1, N'Prima Mattinata',32, N'6:00 alle 10:00')
INSERT INTO [dbo].[TurnoSets] ([IdTurno], [NomeTurno],[Paga], [FasciaOraria]) VALUES (2, N'Tarda Mattinata',32, N'10:00 alle 14:00')
INSERT INTO [dbo].[TurnoSets] ([IdTurno], [NomeTurno],[Paga], [FasciaOraria]) VALUES (3, N'Pomeriggio',32, N'14:00 alle 18:00')
INSERT INTO [dbo].[TurnoSets] ([IdTurno], [NomeTurno],[Paga], [FasciaOraria]) VALUES (4, N'Sera',32, N'18:00 alle 22:00')
INSERT INTO [dbo].[TurnoSets] ([IdTurno], [NomeTurno],[Paga], [FasciaOraria]) VALUES (5, N'Tarda Serata',41.6,N'22:00 alle 2:00')
INSERT INTO [dbo].[TurnoSets] ([IdTurno], [NomeTurno],[Paga], [FasciaOraria]) VALUES (6, N'Notte',41.6,N'2:00 alle 6:00')
SET IDENTITY_INSERT [dbo].[TurnoSets] OFF

--//TURNO

--DISPONIBILITA

SET IDENTITY_INSERT [dbo].[DisponibilitaStraordinarioSets] ON
INSERT INTO [dbo].[DisponibilitaStraordinarioSets] ([IdDisponibilitaStraordinario], [Giorno1], [Giorno2], [Settimana]) VALUES (1, N'Lunedi', N'Martedi', 1)
INSERT INTO [dbo].[DisponibilitaStraordinarioSets] ([IdDisponibilitaStraordinario], [Giorno1], [Giorno2], [Settimana]) VALUES (2, N'Lunedi', N'Mercoledi', 1)
INSERT INTO [dbo].[DisponibilitaStraordinarioSets] ([IdDisponibilitaStraordinario], [Giorno1], [Giorno2], [Settimana]) VALUES (3, N'Lunedi', N'Giovedi', 1)
INSERT INTO [dbo].[DisponibilitaStraordinarioSets] ([IdDisponibilitaStraordinario], [Giorno1], [Giorno2], [Settimana]) VALUES (4, N'Lunedi', N'Venerdi', 1)
INSERT INTO [dbo].[DisponibilitaStraordinarioSets] ([IdDisponibilitaStraordinario], [Giorno1], [Giorno2], [Settimana]) VALUES (5, N'Lunedi', N'Sabato', 1)
INSERT INTO [dbo].[DisponibilitaStraordinarioSets] ([IdDisponibilitaStraordinario], [Giorno1], [Giorno2], [Settimana]) VALUES (6, N'Lunedi', N'Domenica', 1)
INSERT INTO [dbo].[DisponibilitaStraordinarioSets] ([IdDisponibilitaStraordinario], [Giorno1], [Giorno2], [Settimana]) VALUES (7, N'Martedi', N'Mercoledi', 1)
INSERT INTO [dbo].[DisponibilitaStraordinarioSets] ([IdDisponibilitaStraordinario], [Giorno1], [Giorno2], [Settimana]) VALUES (8, N'Martedi', N'Giovedi', 1)
INSERT INTO [dbo].[DisponibilitaStraordinarioSets] ([IdDisponibilitaStraordinario], [Giorno1], [Giorno2], [Settimana]) VALUES (9, N'Martedi', N'Venerdi', 1)
INSERT INTO [dbo].[DisponibilitaStraordinarioSets] ([IdDisponibilitaStraordinario], [Giorno1], [Giorno2], [Settimana]) VALUES (10, N'Martedi', N'Sabato', 1)
INSERT INTO [dbo].[DisponibilitaStraordinarioSets] ([IdDisponibilitaStraordinario], [Giorno1], [Giorno2], [Settimana]) VALUES (11, N'Martedi', N'Domenica', 1)
INSERT INTO [dbo].[DisponibilitaStraordinarioSets] ([IdDisponibilitaStraordinario], [Giorno1], [Giorno2], [Settimana]) VALUES (12, N'Mercoledi', N'Giovedi', 1)
INSERT INTO [dbo].[DisponibilitaStraordinarioSets] ([IdDisponibilitaStraordinario], [Giorno1], [Giorno2], [Settimana]) VALUES (13, N'Mercoledi', N'Venerdi', 1)
INSERT INTO [dbo].[DisponibilitaStraordinarioSets] ([IdDisponibilitaStraordinario], [Giorno1], [Giorno2], [Settimana]) VALUES (14, N'Mercoledi', N'Sabato', 1)
INSERT INTO [dbo].[DisponibilitaStraordinarioSets] ([IdDisponibilitaStraordinario], [Giorno1], [Giorno2], [Settimana]) VALUES (15, N'Mercoledi', N'Domenica', 1)
INSERT INTO [dbo].[DisponibilitaStraordinarioSets] ([IdDisponibilitaStraordinario], [Giorno1], [Giorno2], [Settimana]) VALUES (16, N'Giovedi', N'Venerdi', 1)
INSERT INTO [dbo].[DisponibilitaStraordinarioSets] ([IdDisponibilitaStraordinario], [Giorno1], [Giorno2], [Settimana]) VALUES (17, N'Giovedi', N'Sabato', 1)
INSERT INTO [dbo].[DisponibilitaStraordinarioSets] ([IdDisponibilitaStraordinario], [Giorno1], [Giorno2], [Settimana]) VALUES (18, N'Giovedi', N'Domenica', 1)
INSERT INTO [dbo].[DisponibilitaStraordinarioSets] ([IdDisponibilitaStraordinario], [Giorno1], [Giorno2], [Settimana]) VALUES (19, N'Venerdi', N'Sabato', 1)
INSERT INTO [dbo].[DisponibilitaStraordinarioSets] ([IdDisponibilitaStraordinario], [Giorno1], [Giorno2], [Settimana]) VALUES (20, N'Venerdi', N'Domenica', 1)
INSERT INTO [dbo].[DisponibilitaStraordinarioSets] ([IdDisponibilitaStraordinario], [Giorno1], [Giorno2], [Settimana]) VALUES (21, N'Sabato', N'Domenica', 1)
INSERT INTO [dbo].[DisponibilitaStraordinarioSets] ([IdDisponibilitaStraordinario], [Giorno1], [Giorno2], [Settimana]) VALUES (22, N'Lunedi', N'Martedi', 2)
INSERT INTO [dbo].[DisponibilitaStraordinarioSets] ([IdDisponibilitaStraordinario], [Giorno1], [Giorno2], [Settimana]) VALUES (23, N'Lunedi', N'Mercoledi', 2)
INSERT INTO [dbo].[DisponibilitaStraordinarioSets] ([IdDisponibilitaStraordinario], [Giorno1], [Giorno2], [Settimana]) VALUES (24, N'Lunedi', N'Giovedi', 2)
INSERT INTO [dbo].[DisponibilitaStraordinarioSets] ([IdDisponibilitaStraordinario], [Giorno1], [Giorno2], [Settimana]) VALUES (25, N'Lunedi', N'Venerdi', 2)
INSERT INTO [dbo].[DisponibilitaStraordinarioSets] ([IdDisponibilitaStraordinario], [Giorno1], [Giorno2], [Settimana]) VALUES (26, N'Lunedi', N'Sabato', 2)
INSERT INTO [dbo].[DisponibilitaStraordinarioSets] ([IdDisponibilitaStraordinario], [Giorno1], [Giorno2], [Settimana]) VALUES (27, N'Lunedi', N'Domenica', 2)
INSERT INTO [dbo].[DisponibilitaStraordinarioSets] ([IdDisponibilitaStraordinario], [Giorno1], [Giorno2], [Settimana]) VALUES (28, N'Martedi', N'Mercoledi', 2)
INSERT INTO [dbo].[DisponibilitaStraordinarioSets] ([IdDisponibilitaStraordinario], [Giorno1], [Giorno2], [Settimana]) VALUES (29, N'Martedi', N'Giovedi', 2)
INSERT INTO [dbo].[DisponibilitaStraordinarioSets] ([IdDisponibilitaStraordinario], [Giorno1], [Giorno2], [Settimana]) VALUES (30, N'Martedi', N'Venerdi', 2)
INSERT INTO [dbo].[DisponibilitaStraordinarioSets] ([IdDisponibilitaStraordinario], [Giorno1], [Giorno2], [Settimana]) VALUES (31, N'Martedi', N'Sabato', 2)
INSERT INTO [dbo].[DisponibilitaStraordinarioSets] ([IdDisponibilitaStraordinario], [Giorno1], [Giorno2], [Settimana]) VALUES (32, N'Martedi', N'Domenica', 2)
INSERT INTO [dbo].[DisponibilitaStraordinarioSets] ([IdDisponibilitaStraordinario], [Giorno1], [Giorno2], [Settimana]) VALUES (33, N'Mercoledi', N'Giovedi', 2)
INSERT INTO [dbo].[DisponibilitaStraordinarioSets] ([IdDisponibilitaStraordinario], [Giorno1], [Giorno2], [Settimana]) VALUES (34, N'Mercoledi', N'Venerdi', 2)
INSERT INTO [dbo].[DisponibilitaStraordinarioSets] ([IdDisponibilitaStraordinario], [Giorno1], [Giorno2], [Settimana]) VALUES (35, N'Mercoledi', N'Sabato', 2)
INSERT INTO [dbo].[DisponibilitaStraordinarioSets] ([IdDisponibilitaStraordinario], [Giorno1], [Giorno2], [Settimana]) VALUES (36, N'Mercoledi', N'Domenica', 2)
INSERT INTO [dbo].[DisponibilitaStraordinarioSets] ([IdDisponibilitaStraordinario], [Giorno1], [Giorno2], [Settimana]) VALUES (37, N'Giovedi', N'Venerdi', 2)
INSERT INTO [dbo].[DisponibilitaStraordinarioSets] ([IdDisponibilitaStraordinario], [Giorno1], [Giorno2], [Settimana]) VALUES (38, N'Giovedi', N'Sabato', 2)
INSERT INTO [dbo].[DisponibilitaStraordinarioSets] ([IdDisponibilitaStraordinario], [Giorno1], [Giorno2], [Settimana]) VALUES (39, N'Giovedi', N'Domenica', 2)
INSERT INTO [dbo].[DisponibilitaStraordinarioSets] ([IdDisponibilitaStraordinario], [Giorno1], [Giorno2], [Settimana]) VALUES (40, N'Venerdi', N'Sabato', 2)
INSERT INTO [dbo].[DisponibilitaStraordinarioSets] ([IdDisponibilitaStraordinario], [Giorno1], [Giorno2], [Settimana]) VALUES (41, N'Venerdi', N'Domenica', 2)
INSERT INTO [dbo].[DisponibilitaStraordinarioSets] ([IdDisponibilitaStraordinario], [Giorno1], [Giorno2], [Settimana]) VALUES (42, N'Sabato', N'Domenica', 2)
INSERT INTO [dbo].[DisponibilitaStraordinarioSets] ([IdDisponibilitaStraordinario], [Giorno1], [Giorno2], [Settimana]) VALUES (43, N'Lunedi', N'Martedi', 3)
INSERT INTO [dbo].[DisponibilitaStraordinarioSets] ([IdDisponibilitaStraordinario], [Giorno1], [Giorno2], [Settimana]) VALUES (44, N'Lunedi', N'Mercoledi', 3)
INSERT INTO [dbo].[DisponibilitaStraordinarioSets] ([IdDisponibilitaStraordinario], [Giorno1], [Giorno2], [Settimana]) VALUES (45, N'Lunedi', N'Giovedi', 3)
INSERT INTO [dbo].[DisponibilitaStraordinarioSets] ([IdDisponibilitaStraordinario], [Giorno1], [Giorno2], [Settimana]) VALUES (46, N'Lunedi', N'Venerdi', 3)
INSERT INTO [dbo].[DisponibilitaStraordinarioSets] ([IdDisponibilitaStraordinario], [Giorno1], [Giorno2], [Settimana]) VALUES (47, N'Lunedi', N'Sabato', 3)
INSERT INTO [dbo].[DisponibilitaStraordinarioSets] ([IdDisponibilitaStraordinario], [Giorno1], [Giorno2], [Settimana]) VALUES (48, N'Lunedi', N'Domenica', 3)
INSERT INTO [dbo].[DisponibilitaStraordinarioSets] ([IdDisponibilitaStraordinario], [Giorno1], [Giorno2], [Settimana]) VALUES (49, N'Martedi', N'Mercoledi', 3)
INSERT INTO [dbo].[DisponibilitaStraordinarioSets] ([IdDisponibilitaStraordinario], [Giorno1], [Giorno2], [Settimana]) VALUES (50, N'Martedi', N'Giovedi', 3)
INSERT INTO [dbo].[DisponibilitaStraordinarioSets] ([IdDisponibilitaStraordinario], [Giorno1], [Giorno2], [Settimana]) VALUES (51, N'Martedi', N'Venerdi', 3)
INSERT INTO [dbo].[DisponibilitaStraordinarioSets] ([IdDisponibilitaStraordinario], [Giorno1], [Giorno2], [Settimana]) VALUES (52, N'Martedi', N'Sabato', 3)
INSERT INTO [dbo].[DisponibilitaStraordinarioSets] ([IdDisponibilitaStraordinario], [Giorno1], [Giorno2], [Settimana]) VALUES (53, N'Martedi', N'Domenica', 3)
INSERT INTO [dbo].[DisponibilitaStraordinarioSets] ([IdDisponibilitaStraordinario], [Giorno1], [Giorno2], [Settimana]) VALUES (54, N'Mercoledi', N'Giovedi', 3)
INSERT INTO [dbo].[DisponibilitaStraordinarioSets] ([IdDisponibilitaStraordinario], [Giorno1], [Giorno2], [Settimana]) VALUES (55, N'Mercoledi', N'Venerdi', 3)
INSERT INTO [dbo].[DisponibilitaStraordinarioSets] ([IdDisponibilitaStraordinario], [Giorno1], [Giorno2], [Settimana]) VALUES (56, N'Mercoledi', N'Sabato', 3)
INSERT INTO [dbo].[DisponibilitaStraordinarioSets] ([IdDisponibilitaStraordinario], [Giorno1], [Giorno2], [Settimana]) VALUES (57, N'Mercoledi', N'Domenica', 3)
INSERT INTO [dbo].[DisponibilitaStraordinarioSets] ([IdDisponibilitaStraordinario], [Giorno1], [Giorno2], [Settimana]) VALUES (58, N'Giovedi', N'Venerdi', 3)
INSERT INTO [dbo].[DisponibilitaStraordinarioSets] ([IdDisponibilitaStraordinario], [Giorno1], [Giorno2], [Settimana]) VALUES (59, N'Giovedi', N'Sabato', 3)
INSERT INTO [dbo].[DisponibilitaStraordinarioSets] ([IdDisponibilitaStraordinario], [Giorno1], [Giorno2], [Settimana]) VALUES (60, N'Giovedi', N'Domenica', 3)
INSERT INTO [dbo].[DisponibilitaStraordinarioSets] ([IdDisponibilitaStraordinario], [Giorno1], [Giorno2], [Settimana]) VALUES (61, N'Venerdi', N'Sabato', 3)
INSERT INTO [dbo].[DisponibilitaStraordinarioSets] ([IdDisponibilitaStraordinario], [Giorno1], [Giorno2], [Settimana]) VALUES (62, N'Venerdi', N'Domenica', 3)
INSERT INTO [dbo].[DisponibilitaStraordinarioSets] ([IdDisponibilitaStraordinario], [Giorno1], [Giorno2], [Settimana]) VALUES (63, N'Sabato', N'Domenica', 3)
INSERT INTO [dbo].[DisponibilitaStraordinarioSets] ([IdDisponibilitaStraordinario], [Giorno1], [Giorno2], [Settimana]) VALUES (64, N'Lunedi', N'Martedi', 4)
INSERT INTO [dbo].[DisponibilitaStraordinarioSets] ([IdDisponibilitaStraordinario], [Giorno1], [Giorno2], [Settimana]) VALUES (65, N'Lunedi', N'Mercoledi', 4)
INSERT INTO [dbo].[DisponibilitaStraordinarioSets] ([IdDisponibilitaStraordinario], [Giorno1], [Giorno2], [Settimana]) VALUES (66, N'Lunedi', N'Giovedi', 4)
INSERT INTO [dbo].[DisponibilitaStraordinarioSets] ([IdDisponibilitaStraordinario], [Giorno1], [Giorno2], [Settimana]) VALUES (67, N'Lunedi', N'Venerdi', 4)
INSERT INTO [dbo].[DisponibilitaStraordinarioSets] ([IdDisponibilitaStraordinario], [Giorno1], [Giorno2], [Settimana]) VALUES (68, N'Lunedi', N'Sabato', 4)
INSERT INTO [dbo].[DisponibilitaStraordinarioSets] ([IdDisponibilitaStraordinario], [Giorno1], [Giorno2], [Settimana]) VALUES (69, N'Lunedi', N'Domenica', 4)
INSERT INTO [dbo].[DisponibilitaStraordinarioSets] ([IdDisponibilitaStraordinario], [Giorno1], [Giorno2], [Settimana]) VALUES (70, N'Martedi', N'Mercoledi', 4)
INSERT INTO [dbo].[DisponibilitaStraordinarioSets] ([IdDisponibilitaStraordinario], [Giorno1], [Giorno2], [Settimana]) VALUES (71, N'Martedi', N'Giovedi', 4)
INSERT INTO [dbo].[DisponibilitaStraordinarioSets] ([IdDisponibilitaStraordinario], [Giorno1], [Giorno2], [Settimana]) VALUES (72, N'Martedi', N'Venerdi', 4)
INSERT INTO [dbo].[DisponibilitaStraordinarioSets] ([IdDisponibilitaStraordinario], [Giorno1], [Giorno2], [Settimana]) VALUES (73, N'Martedi', N'Sabato', 4)
INSERT INTO [dbo].[DisponibilitaStraordinarioSets] ([IdDisponibilitaStraordinario], [Giorno1], [Giorno2], [Settimana]) VALUES (74, N'Martedi', N'Domenica', 4)
INSERT INTO [dbo].[DisponibilitaStraordinarioSets] ([IdDisponibilitaStraordinario], [Giorno1], [Giorno2], [Settimana]) VALUES (75, N'Mercoledi', N'Giovedi', 4)
INSERT INTO [dbo].[DisponibilitaStraordinarioSets] ([IdDisponibilitaStraordinario], [Giorno1], [Giorno2], [Settimana]) VALUES (76, N'Mercoledi', N'Venerdi', 4)
INSERT INTO [dbo].[DisponibilitaStraordinarioSets] ([IdDisponibilitaStraordinario], [Giorno1], [Giorno2], [Settimana]) VALUES (77, N'Mercoledi', N'Sabato', 4)
INSERT INTO [dbo].[DisponibilitaStraordinarioSets] ([IdDisponibilitaStraordinario], [Giorno1], [Giorno2], [Settimana]) VALUES (78, N'Mercoledi', N'Domenica', 4)
INSERT INTO [dbo].[DisponibilitaStraordinarioSets] ([IdDisponibilitaStraordinario], [Giorno1], [Giorno2], [Settimana]) VALUES (79, N'Giovedi', N'Venerdi', 4)
INSERT INTO [dbo].[DisponibilitaStraordinarioSets] ([IdDisponibilitaStraordinario], [Giorno1], [Giorno2], [Settimana]) VALUES (80, N'Giovedi', N'Sabato', 4)
INSERT INTO [dbo].[DisponibilitaStraordinarioSets] ([IdDisponibilitaStraordinario], [Giorno1], [Giorno2], [Settimana]) VALUES (81, N'Giovedi', N'Domenica', 4)
INSERT INTO [dbo].[DisponibilitaStraordinarioSets] ([IdDisponibilitaStraordinario], [Giorno1], [Giorno2], [Settimana]) VALUES (82, N'Venerdi', N'Sabato', 4)
INSERT INTO [dbo].[DisponibilitaStraordinarioSets] ([IdDisponibilitaStraordinario], [Giorno1], [Giorno2], [Settimana]) VALUES (83, N'Venerdi', N'Domenica', 4)
INSERT INTO [dbo].[DisponibilitaStraordinarioSets] ([IdDisponibilitaStraordinario], [Giorno1], [Giorno2], [Settimana]) VALUES (84, N'Sabato', N'Domenica', 4)
INSERT INTO [dbo].[DisponibilitaStraordinarioSets] ([IdDisponibilitaStraordinario], [Giorno1], [Giorno2], [Settimana]) VALUES (85, N'Lunedi', N'Martedi', 5)
INSERT INTO [dbo].[DisponibilitaStraordinarioSets] ([IdDisponibilitaStraordinario], [Giorno1], [Giorno2], [Settimana]) VALUES (86, N'Lunedi', N'Mercoledi', 5)
INSERT INTO [dbo].[DisponibilitaStraordinarioSets] ([IdDisponibilitaStraordinario], [Giorno1], [Giorno2], [Settimana]) VALUES (87, N'Lunedi', N'Giovedi', 5)
INSERT INTO [dbo].[DisponibilitaStraordinarioSets] ([IdDisponibilitaStraordinario], [Giorno1], [Giorno2], [Settimana]) VALUES (88, N'Lunedi', N'Venerdi', 5)
INSERT INTO [dbo].[DisponibilitaStraordinarioSets] ([IdDisponibilitaStraordinario], [Giorno1], [Giorno2], [Settimana]) VALUES (89, N'Lunedi', N'Sabato', 5)
INSERT INTO [dbo].[DisponibilitaStraordinarioSets] ([IdDisponibilitaStraordinario], [Giorno1], [Giorno2], [Settimana]) VALUES (90, N'Lunedi', N'Domenica', 5)
INSERT INTO [dbo].[DisponibilitaStraordinarioSets] ([IdDisponibilitaStraordinario], [Giorno1], [Giorno2], [Settimana]) VALUES (91, N'Martedi', N'Mercoledi', 5)
INSERT INTO [dbo].[DisponibilitaStraordinarioSets] ([IdDisponibilitaStraordinario], [Giorno1], [Giorno2], [Settimana]) VALUES (92, N'Martedi', N'Giovedi', 5)
INSERT INTO [dbo].[DisponibilitaStraordinarioSets] ([IdDisponibilitaStraordinario], [Giorno1], [Giorno2], [Settimana]) VALUES (93, N'Martedi', N'Venerdi', 5)
INSERT INTO [dbo].[DisponibilitaStraordinarioSets] ([IdDisponibilitaStraordinario], [Giorno1], [Giorno2], [Settimana]) VALUES (94, N'Martedi', N'Sabato', 5)
INSERT INTO [dbo].[DisponibilitaStraordinarioSets] ([IdDisponibilitaStraordinario], [Giorno1], [Giorno2], [Settimana]) VALUES (95, N'Martedi', N'Domenica', 5)
INSERT INTO [dbo].[DisponibilitaStraordinarioSets] ([IdDisponibilitaStraordinario], [Giorno1], [Giorno2], [Settimana]) VALUES (96, N'Mercoledi', N'Giovedi', 5)
INSERT INTO [dbo].[DisponibilitaStraordinarioSets] ([IdDisponibilitaStraordinario], [Giorno1], [Giorno2], [Settimana]) VALUES (97, N'Mercoledi', N'Venerdi', 5)
INSERT INTO [dbo].[DisponibilitaStraordinarioSets] ([IdDisponibilitaStraordinario], [Giorno1], [Giorno2], [Settimana]) VALUES (98, N'Mercoledi', N'Sabato', 5)
INSERT INTO [dbo].[DisponibilitaStraordinarioSets] ([IdDisponibilitaStraordinario], [Giorno1], [Giorno2], [Settimana]) VALUES (99, N'Mercoledi', N'Domenica', 5)
INSERT INTO [dbo].[DisponibilitaStraordinarioSets] ([IdDisponibilitaStraordinario], [Giorno1], [Giorno2], [Settimana]) VALUES (100, N'Giovedi', N'Venerdi', 5)
INSERT INTO [dbo].[DisponibilitaStraordinarioSets] ([IdDisponibilitaStraordinario], [Giorno1], [Giorno2], [Settimana]) VALUES (101, N'Giovedi', N'Sabato', 5)
INSERT INTO [dbo].[DisponibilitaStraordinarioSets] ([IdDisponibilitaStraordinario], [Giorno1], [Giorno2], [Settimana]) VALUES (102, N'Giovedi', N'Domenica', 5)
INSERT INTO [dbo].[DisponibilitaStraordinarioSets] ([IdDisponibilitaStraordinario], [Giorno1], [Giorno2], [Settimana]) VALUES (103, N'Venerdi', N'Sabato', 5)
INSERT INTO [dbo].[DisponibilitaStraordinarioSets] ([IdDisponibilitaStraordinario], [Giorno1], [Giorno2], [Settimana]) VALUES (104, N'Venerdi', N'Domenica', 5)
INSERT INTO [dbo].[DisponibilitaStraordinarioSets] ([IdDisponibilitaStraordinario], [Giorno1], [Giorno2], [Settimana]) VALUES (105, N'Sabato', N'Domenica', 5)
INSERT INTO [dbo].[DisponibilitaStraordinarioSets] ([IdDisponibilitaStraordinario], [Giorno1], [Giorno2], [Settimana]) VALUES (106, N'Lunedi', N'Martedi', 6)
INSERT INTO [dbo].[DisponibilitaStraordinarioSets] ([IdDisponibilitaStraordinario], [Giorno1], [Giorno2], [Settimana]) VALUES (107, N'Lunedi', N'Mercoledi', 6)
INSERT INTO [dbo].[DisponibilitaStraordinarioSets] ([IdDisponibilitaStraordinario], [Giorno1], [Giorno2], [Settimana]) VALUES (108, N'Lunedi', N'Giovedi', 6)
INSERT INTO [dbo].[DisponibilitaStraordinarioSets] ([IdDisponibilitaStraordinario], [Giorno1], [Giorno2], [Settimana]) VALUES (109, N'Lunedi', N'Venerdi', 6)
INSERT INTO [dbo].[DisponibilitaStraordinarioSets] ([IdDisponibilitaStraordinario], [Giorno1], [Giorno2], [Settimana]) VALUES (110, N'Lunedi', N'Sabato', 6)
INSERT INTO [dbo].[DisponibilitaStraordinarioSets] ([IdDisponibilitaStraordinario], [Giorno1], [Giorno2], [Settimana]) VALUES (111, N'Lunedi', N'Domenica', 6)
INSERT INTO [dbo].[DisponibilitaStraordinarioSets] ([IdDisponibilitaStraordinario], [Giorno1], [Giorno2], [Settimana]) VALUES (112, N'Martedi', N'Mercoledi', 6)
INSERT INTO [dbo].[DisponibilitaStraordinarioSets] ([IdDisponibilitaStraordinario], [Giorno1], [Giorno2], [Settimana]) VALUES (113, N'Martedi', N'Giovedi', 6)
INSERT INTO [dbo].[DisponibilitaStraordinarioSets] ([IdDisponibilitaStraordinario], [Giorno1], [Giorno2], [Settimana]) VALUES (114, N'Martedi', N'Venerdi', 6)
INSERT INTO [dbo].[DisponibilitaStraordinarioSets] ([IdDisponibilitaStraordinario], [Giorno1], [Giorno2], [Settimana]) VALUES (115, N'Martedi', N'Sabato', 6)
INSERT INTO [dbo].[DisponibilitaStraordinarioSets] ([IdDisponibilitaStraordinario], [Giorno1], [Giorno2], [Settimana]) VALUES (116, N'Martedi', N'Domenica', 6)
INSERT INTO [dbo].[DisponibilitaStraordinarioSets] ([IdDisponibilitaStraordinario], [Giorno1], [Giorno2], [Settimana]) VALUES (117, N'Mercoledi', N'Giovedi', 6)
INSERT INTO [dbo].[DisponibilitaStraordinarioSets] ([IdDisponibilitaStraordinario], [Giorno1], [Giorno2], [Settimana]) VALUES (118, N'Mercoledi', N'Venerdi', 6)
INSERT INTO [dbo].[DisponibilitaStraordinarioSets] ([IdDisponibilitaStraordinario], [Giorno1], [Giorno2], [Settimana]) VALUES (119, N'Mercoledi', N'Sabato', 6)
INSERT INTO [dbo].[DisponibilitaStraordinarioSets] ([IdDisponibilitaStraordinario], [Giorno1], [Giorno2], [Settimana]) VALUES (120, N'Mercoledi', N'Domenica', 6)
INSERT INTO [dbo].[DisponibilitaStraordinarioSets] ([IdDisponibilitaStraordinario], [Giorno1], [Giorno2], [Settimana]) VALUES (121, N'Giovedi', N'Venerdi', 6)
INSERT INTO [dbo].[DisponibilitaStraordinarioSets] ([IdDisponibilitaStraordinario], [Giorno1], [Giorno2], [Settimana]) VALUES (122, N'Giovedi', N'Sabato', 6)
INSERT INTO [dbo].[DisponibilitaStraordinarioSets] ([IdDisponibilitaStraordinario], [Giorno1], [Giorno2], [Settimana]) VALUES (123, N'Giovedi', N'Domenica', 6)
INSERT INTO [dbo].[DisponibilitaStraordinarioSets] ([IdDisponibilitaStraordinario], [Giorno1], [Giorno2], [Settimana]) VALUES (124, N'Venerdi', N'Sabato', 6)
INSERT INTO [dbo].[DisponibilitaStraordinarioSets] ([IdDisponibilitaStraordinario], [Giorno1], [Giorno2], [Settimana]) VALUES (125, N'Venerdi', N'Domenica', 6)
INSERT INTO [dbo].[DisponibilitaStraordinarioSets] ([IdDisponibilitaStraordinario], [Giorno1], [Giorno2], [Settimana]) VALUES (126, N'Sabato', N'Domenica', 6)
INSERT INTO [dbo].[DisponibilitaStraordinarioSets] ([IdDisponibilitaStraordinario], [Giorno1], [Giorno2], [Settimana]) VALUES (127, N'Lunedi', N'Martedi', 7)
INSERT INTO [dbo].[DisponibilitaStraordinarioSets] ([IdDisponibilitaStraordinario], [Giorno1], [Giorno2], [Settimana]) VALUES (128, N'Lunedi', N'Mercoledi', 7)
INSERT INTO [dbo].[DisponibilitaStraordinarioSets] ([IdDisponibilitaStraordinario], [Giorno1], [Giorno2], [Settimana]) VALUES (129, N'Lunedi', N'Giovedi', 7)
INSERT INTO [dbo].[DisponibilitaStraordinarioSets] ([IdDisponibilitaStraordinario], [Giorno1], [Giorno2], [Settimana]) VALUES (130, N'Lunedi', N'Venerdi', 7)
INSERT INTO [dbo].[DisponibilitaStraordinarioSets] ([IdDisponibilitaStraordinario], [Giorno1], [Giorno2], [Settimana]) VALUES (131, N'Lunedi', N'Sabato', 7)
INSERT INTO [dbo].[DisponibilitaStraordinarioSets] ([IdDisponibilitaStraordinario], [Giorno1], [Giorno2], [Settimana]) VALUES (132, N'Lunedi', N'Domenica', 7)
INSERT INTO [dbo].[DisponibilitaStraordinarioSets] ([IdDisponibilitaStraordinario], [Giorno1], [Giorno2], [Settimana]) VALUES (133, N'Martedi', N'Mercoledi', 7)
INSERT INTO [dbo].[DisponibilitaStraordinarioSets] ([IdDisponibilitaStraordinario], [Giorno1], [Giorno2], [Settimana]) VALUES (134, N'Martedi', N'Giovedi', 7)
INSERT INTO [dbo].[DisponibilitaStraordinarioSets] ([IdDisponibilitaStraordinario], [Giorno1], [Giorno2], [Settimana]) VALUES (135, N'Martedi', N'Venerdi', 7)
INSERT INTO [dbo].[DisponibilitaStraordinarioSets] ([IdDisponibilitaStraordinario], [Giorno1], [Giorno2], [Settimana]) VALUES (136, N'Martedi', N'Sabato', 7)
INSERT INTO [dbo].[DisponibilitaStraordinarioSets] ([IdDisponibilitaStraordinario], [Giorno1], [Giorno2], [Settimana]) VALUES (137, N'Martedi', N'Domenica', 7)
INSERT INTO [dbo].[DisponibilitaStraordinarioSets] ([IdDisponibilitaStraordinario], [Giorno1], [Giorno2], [Settimana]) VALUES (138, N'Mercoledi', N'Giovedi', 7)
INSERT INTO [dbo].[DisponibilitaStraordinarioSets] ([IdDisponibilitaStraordinario], [Giorno1], [Giorno2], [Settimana]) VALUES (139, N'Mercoledi', N'Venerdi', 7)
INSERT INTO [dbo].[DisponibilitaStraordinarioSets] ([IdDisponibilitaStraordinario], [Giorno1], [Giorno2], [Settimana]) VALUES (140, N'Mercoledi', N'Sabato', 7)
INSERT INTO [dbo].[DisponibilitaStraordinarioSets] ([IdDisponibilitaStraordinario], [Giorno1], [Giorno2], [Settimana]) VALUES (141, N'Mercoledi', N'Domenica', 7)
INSERT INTO [dbo].[DisponibilitaStraordinarioSets] ([IdDisponibilitaStraordinario], [Giorno1], [Giorno2], [Settimana]) VALUES (142, N'Giovedi', N'Venerdi', 7)
INSERT INTO [dbo].[DisponibilitaStraordinarioSets] ([IdDisponibilitaStraordinario], [Giorno1], [Giorno2], [Settimana]) VALUES (143, N'Giovedi', N'Sabato', 7)
INSERT INTO [dbo].[DisponibilitaStraordinarioSets] ([IdDisponibilitaStraordinario], [Giorno1], [Giorno2], [Settimana]) VALUES (144, N'Giovedi', N'Domenica', 7)
INSERT INTO [dbo].[DisponibilitaStraordinarioSets] ([IdDisponibilitaStraordinario], [Giorno1], [Giorno2], [Settimana]) VALUES (145, N'Venerdi', N'Sabato', 7)
INSERT INTO [dbo].[DisponibilitaStraordinarioSets] ([IdDisponibilitaStraordinario], [Giorno1], [Giorno2], [Settimana]) VALUES (146, N'Venerdi', N'Domenica', 7)
INSERT INTO [dbo].[DisponibilitaStraordinarioSets] ([IdDisponibilitaStraordinario], [Giorno1], [Giorno2], [Settimana]) VALUES (147, N'Sabato', N'Domenica', 7)
INSERT INTO [dbo].[DisponibilitaStraordinarioSets] ([IdDisponibilitaStraordinario], [Giorno1], [Giorno2], [Settimana]) VALUES (148, N'Lunedi', N'Martedi', 8)
INSERT INTO [dbo].[DisponibilitaStraordinarioSets] ([IdDisponibilitaStraordinario], [Giorno1], [Giorno2], [Settimana]) VALUES (149, N'Lunedi', N'Mercoledi', 8)
INSERT INTO [dbo].[DisponibilitaStraordinarioSets] ([IdDisponibilitaStraordinario], [Giorno1], [Giorno2], [Settimana]) VALUES (150, N'Lunedi', N'Giovedi', 8)
INSERT INTO [dbo].[DisponibilitaStraordinarioSets] ([IdDisponibilitaStraordinario], [Giorno1], [Giorno2], [Settimana]) VALUES (151, N'Lunedi', N'Venerdi', 8)
INSERT INTO [dbo].[DisponibilitaStraordinarioSets] ([IdDisponibilitaStraordinario], [Giorno1], [Giorno2], [Settimana]) VALUES (152, N'Lunedi', N'Sabato', 8)
INSERT INTO [dbo].[DisponibilitaStraordinarioSets] ([IdDisponibilitaStraordinario], [Giorno1], [Giorno2], [Settimana]) VALUES (153, N'Lunedi', N'Domenica', 8)
INSERT INTO [dbo].[DisponibilitaStraordinarioSets] ([IdDisponibilitaStraordinario], [Giorno1], [Giorno2], [Settimana]) VALUES (154, N'Martedi', N'Mercoledi', 8)
INSERT INTO [dbo].[DisponibilitaStraordinarioSets] ([IdDisponibilitaStraordinario], [Giorno1], [Giorno2], [Settimana]) VALUES (155, N'Martedi', N'Giovedi', 8)
INSERT INTO [dbo].[DisponibilitaStraordinarioSets] ([IdDisponibilitaStraordinario], [Giorno1], [Giorno2], [Settimana]) VALUES (156, N'Martedi', N'Venerdi', 8)
INSERT INTO [dbo].[DisponibilitaStraordinarioSets] ([IdDisponibilitaStraordinario], [Giorno1], [Giorno2], [Settimana]) VALUES (157, N'Martedi', N'Sabato', 8)
INSERT INTO [dbo].[DisponibilitaStraordinarioSets] ([IdDisponibilitaStraordinario], [Giorno1], [Giorno2], [Settimana]) VALUES (158, N'Martedi', N'Domenica', 8)
INSERT INTO [dbo].[DisponibilitaStraordinarioSets] ([IdDisponibilitaStraordinario], [Giorno1], [Giorno2], [Settimana]) VALUES (159, N'Mercoledi', N'Giovedi', 8)
INSERT INTO [dbo].[DisponibilitaStraordinarioSets] ([IdDisponibilitaStraordinario], [Giorno1], [Giorno2], [Settimana]) VALUES (160, N'Mercoledi', N'Venerdi', 8)
INSERT INTO [dbo].[DisponibilitaStraordinarioSets] ([IdDisponibilitaStraordinario], [Giorno1], [Giorno2], [Settimana]) VALUES (161, N'Mercoledi', N'Sabato', 8)
INSERT INTO [dbo].[DisponibilitaStraordinarioSets] ([IdDisponibilitaStraordinario], [Giorno1], [Giorno2], [Settimana]) VALUES (162, N'Mercoledi', N'Domenica', 8)
INSERT INTO [dbo].[DisponibilitaStraordinarioSets] ([IdDisponibilitaStraordinario], [Giorno1], [Giorno2], [Settimana]) VALUES (163, N'Giovedi', N'Venerdi', 8)
INSERT INTO [dbo].[DisponibilitaStraordinarioSets] ([IdDisponibilitaStraordinario], [Giorno1], [Giorno2], [Settimana]) VALUES (164, N'Giovedi', N'Sabato', 8)
INSERT INTO [dbo].[DisponibilitaStraordinarioSets] ([IdDisponibilitaStraordinario], [Giorno1], [Giorno2], [Settimana]) VALUES (165, N'Giovedi', N'Domenica', 8)
INSERT INTO [dbo].[DisponibilitaStraordinarioSets] ([IdDisponibilitaStraordinario], [Giorno1], [Giorno2], [Settimana]) VALUES (166, N'Venerdi', N'Sabato', 8)
INSERT INTO [dbo].[DisponibilitaStraordinarioSets] ([IdDisponibilitaStraordinario], [Giorno1], [Giorno2], [Settimana]) VALUES (167, N'Venerdi', N'Domenica', 8)
INSERT INTO [dbo].[DisponibilitaStraordinarioSets] ([IdDisponibilitaStraordinario], [Giorno1], [Giorno2], [Settimana]) VALUES (168, N'Sabato', N'Domenica', 8)
INSERT INTO [dbo].[DisponibilitaStraordinarioSets] ([IdDisponibilitaStraordinario], [Giorno1], [Giorno2], [Settimana]) VALUES (169, N'Lunedi', N'Martedi', 9)
INSERT INTO [dbo].[DisponibilitaStraordinarioSets] ([IdDisponibilitaStraordinario], [Giorno1], [Giorno2], [Settimana]) VALUES (170, N'Lunedi', N'Mercoledi', 9)
INSERT INTO [dbo].[DisponibilitaStraordinarioSets] ([IdDisponibilitaStraordinario], [Giorno1], [Giorno2], [Settimana]) VALUES (171, N'Lunedi', N'Giovedi', 9)
INSERT INTO [dbo].[DisponibilitaStraordinarioSets] ([IdDisponibilitaStraordinario], [Giorno1], [Giorno2], [Settimana]) VALUES (172, N'Lunedi', N'Venerdi', 9)
INSERT INTO [dbo].[DisponibilitaStraordinarioSets] ([IdDisponibilitaStraordinario], [Giorno1], [Giorno2], [Settimana]) VALUES (173, N'Lunedi', N'Sabato', 9)
INSERT INTO [dbo].[DisponibilitaStraordinarioSets] ([IdDisponibilitaStraordinario], [Giorno1], [Giorno2], [Settimana]) VALUES (174, N'Lunedi', N'Domenica', 9)
INSERT INTO [dbo].[DisponibilitaStraordinarioSets] ([IdDisponibilitaStraordinario], [Giorno1], [Giorno2], [Settimana]) VALUES (175, N'Martedi', N'Mercoledi', 9)
INSERT INTO [dbo].[DisponibilitaStraordinarioSets] ([IdDisponibilitaStraordinario], [Giorno1], [Giorno2], [Settimana]) VALUES (176, N'Martedi', N'Giovedi', 9)
INSERT INTO [dbo].[DisponibilitaStraordinarioSets] ([IdDisponibilitaStraordinario], [Giorno1], [Giorno2], [Settimana]) VALUES (177, N'Martedi', N'Venerdi', 9)
INSERT INTO [dbo].[DisponibilitaStraordinarioSets] ([IdDisponibilitaStraordinario], [Giorno1], [Giorno2], [Settimana]) VALUES (178, N'Martedi', N'Sabato', 9)
INSERT INTO [dbo].[DisponibilitaStraordinarioSets] ([IdDisponibilitaStraordinario], [Giorno1], [Giorno2], [Settimana]) VALUES (179, N'Martedi', N'Domenica', 9)
INSERT INTO [dbo].[DisponibilitaStraordinarioSets] ([IdDisponibilitaStraordinario], [Giorno1], [Giorno2], [Settimana]) VALUES (180, N'Mercoledi', N'Giovedi', 9)
INSERT INTO [dbo].[DisponibilitaStraordinarioSets] ([IdDisponibilitaStraordinario], [Giorno1], [Giorno2], [Settimana]) VALUES (181, N'Mercoledi', N'Venerdi', 9)
INSERT INTO [dbo].[DisponibilitaStraordinarioSets] ([IdDisponibilitaStraordinario], [Giorno1], [Giorno2], [Settimana]) VALUES (182, N'Mercoledi', N'Sabato', 9)
INSERT INTO [dbo].[DisponibilitaStraordinarioSets] ([IdDisponibilitaStraordinario], [Giorno1], [Giorno2], [Settimana]) VALUES (183, N'Mercoledi', N'Domenica', 9)
INSERT INTO [dbo].[DisponibilitaStraordinarioSets] ([IdDisponibilitaStraordinario], [Giorno1], [Giorno2], [Settimana]) VALUES (184, N'Giovedi', N'Venerdi', 9)
INSERT INTO [dbo].[DisponibilitaStraordinarioSets] ([IdDisponibilitaStraordinario], [Giorno1], [Giorno2], [Settimana]) VALUES (185, N'Giovedi', N'Sabato', 9)
INSERT INTO [dbo].[DisponibilitaStraordinarioSets] ([IdDisponibilitaStraordinario], [Giorno1], [Giorno2], [Settimana]) VALUES (186, N'Giovedi', N'Domenica', 9)
INSERT INTO [dbo].[DisponibilitaStraordinarioSets] ([IdDisponibilitaStraordinario], [Giorno1], [Giorno2], [Settimana]) VALUES (187, N'Venerdi', N'Sabato', 9)
INSERT INTO [dbo].[DisponibilitaStraordinarioSets] ([IdDisponibilitaStraordinario], [Giorno1], [Giorno2], [Settimana]) VALUES (188, N'Venerdi', N'Domenica', 9)
INSERT INTO [dbo].[DisponibilitaStraordinarioSets] ([IdDisponibilitaStraordinario], [Giorno1], [Giorno2], [Settimana]) VALUES (189, N'Sabato', N'Domenica', 9)
INSERT INTO [dbo].[DisponibilitaStraordinarioSets] ([IdDisponibilitaStraordinario], [Giorno1], [Giorno2], [Settimana]) VALUES (190, N'Lunedi', N'Martedi', 10)
INSERT INTO [dbo].[DisponibilitaStraordinarioSets] ([IdDisponibilitaStraordinario], [Giorno1], [Giorno2], [Settimana]) VALUES (191, N'Lunedi', N'Mercoledi', 10)
INSERT INTO [dbo].[DisponibilitaStraordinarioSets] ([IdDisponibilitaStraordinario], [Giorno1], [Giorno2], [Settimana]) VALUES (192, N'Lunedi', N'Giovedi', 10)
INSERT INTO [dbo].[DisponibilitaStraordinarioSets] ([IdDisponibilitaStraordinario], [Giorno1], [Giorno2], [Settimana]) VALUES (193, N'Lunedi', N'Venerdi', 10)
INSERT INTO [dbo].[DisponibilitaStraordinarioSets] ([IdDisponibilitaStraordinario], [Giorno1], [Giorno2], [Settimana]) VALUES (194, N'Lunedi', N'Sabato', 10)
INSERT INTO [dbo].[DisponibilitaStraordinarioSets] ([IdDisponibilitaStraordinario], [Giorno1], [Giorno2], [Settimana]) VALUES (195, N'Lunedi', N'Domenica', 10)
INSERT INTO [dbo].[DisponibilitaStraordinarioSets] ([IdDisponibilitaStraordinario], [Giorno1], [Giorno2], [Settimana]) VALUES (196, N'Martedi', N'Mercoledi', 10)
INSERT INTO [dbo].[DisponibilitaStraordinarioSets] ([IdDisponibilitaStraordinario], [Giorno1], [Giorno2], [Settimana]) VALUES (197, N'Martedi', N'Giovedi', 10)
INSERT INTO [dbo].[DisponibilitaStraordinarioSets] ([IdDisponibilitaStraordinario], [Giorno1], [Giorno2], [Settimana]) VALUES (198, N'Martedi', N'Venerdi', 10)
INSERT INTO [dbo].[DisponibilitaStraordinarioSets] ([IdDisponibilitaStraordinario], [Giorno1], [Giorno2], [Settimana]) VALUES (199, N'Martedi', N'Sabato', 10)
INSERT INTO [dbo].[DisponibilitaStraordinarioSets] ([IdDisponibilitaStraordinario], [Giorno1], [Giorno2], [Settimana]) VALUES (200, N'Martedi', N'Domenica', 10)
INSERT INTO [dbo].[DisponibilitaStraordinarioSets] ([IdDisponibilitaStraordinario], [Giorno1], [Giorno2], [Settimana]) VALUES (201, N'Mercoledi', N'Giovedi', 10)
INSERT INTO [dbo].[DisponibilitaStraordinarioSets] ([IdDisponibilitaStraordinario], [Giorno1], [Giorno2], [Settimana]) VALUES (202, N'Mercoledi', N'Venerdi', 10)
INSERT INTO [dbo].[DisponibilitaStraordinarioSets] ([IdDisponibilitaStraordinario], [Giorno1], [Giorno2], [Settimana]) VALUES (203, N'Mercoledi', N'Sabato', 10)
INSERT INTO [dbo].[DisponibilitaStraordinarioSets] ([IdDisponibilitaStraordinario], [Giorno1], [Giorno2], [Settimana]) VALUES (204, N'Mercoledi', N'Domenica', 10)
INSERT INTO [dbo].[DisponibilitaStraordinarioSets] ([IdDisponibilitaStraordinario], [Giorno1], [Giorno2], [Settimana]) VALUES (205, N'Giovedi', N'Venerdi', 10)
INSERT INTO [dbo].[DisponibilitaStraordinarioSets] ([IdDisponibilitaStraordinario], [Giorno1], [Giorno2], [Settimana]) VALUES (206, N'Giovedi', N'Sabato', 10)
INSERT INTO [dbo].[DisponibilitaStraordinarioSets] ([IdDisponibilitaStraordinario], [Giorno1], [Giorno2], [Settimana]) VALUES (207, N'Giovedi', N'Domenica', 10)
INSERT INTO [dbo].[DisponibilitaStraordinarioSets] ([IdDisponibilitaStraordinario], [Giorno1], [Giorno2], [Settimana]) VALUES (208, N'Venerdi', N'Sabato', 10)
INSERT INTO [dbo].[DisponibilitaStraordinarioSets] ([IdDisponibilitaStraordinario], [Giorno1], [Giorno2], [Settimana]) VALUES (209, N'Venerdi', N'Domenica', 10)
INSERT INTO [dbo].[DisponibilitaStraordinarioSets] ([IdDisponibilitaStraordinario], [Giorno1], [Giorno2], [Settimana]) VALUES (210, N'Sabato', N'Domenica', 10)
INSERT INTO [dbo].[DisponibilitaStraordinarioSets] ([IdDisponibilitaStraordinario], [Giorno1], [Giorno2], [Settimana]) VALUES (211, N'Lunedi', N'Martedi', 11)
INSERT INTO [dbo].[DisponibilitaStraordinarioSets] ([IdDisponibilitaStraordinario], [Giorno1], [Giorno2], [Settimana]) VALUES (212, N'Lunedi', N'Mercoledi', 11)
INSERT INTO [dbo].[DisponibilitaStraordinarioSets] ([IdDisponibilitaStraordinario], [Giorno1], [Giorno2], [Settimana]) VALUES (213, N'Lunedi', N'Giovedi', 11)
INSERT INTO [dbo].[DisponibilitaStraordinarioSets] ([IdDisponibilitaStraordinario], [Giorno1], [Giorno2], [Settimana]) VALUES (214, N'Lunedi', N'Venerdi', 11)
INSERT INTO [dbo].[DisponibilitaStraordinarioSets] ([IdDisponibilitaStraordinario], [Giorno1], [Giorno2], [Settimana]) VALUES (215, N'Lunedi', N'Sabato', 11)
INSERT INTO [dbo].[DisponibilitaStraordinarioSets] ([IdDisponibilitaStraordinario], [Giorno1], [Giorno2], [Settimana]) VALUES (216, N'Lunedi', N'Domenica', 11)
INSERT INTO [dbo].[DisponibilitaStraordinarioSets] ([IdDisponibilitaStraordinario], [Giorno1], [Giorno2], [Settimana]) VALUES (217, N'Martedi', N'Mercoledi', 11)
INSERT INTO [dbo].[DisponibilitaStraordinarioSets] ([IdDisponibilitaStraordinario], [Giorno1], [Giorno2], [Settimana]) VALUES (218, N'Martedi', N'Giovedi', 11)
INSERT INTO [dbo].[DisponibilitaStraordinarioSets] ([IdDisponibilitaStraordinario], [Giorno1], [Giorno2], [Settimana]) VALUES (219, N'Martedi', N'Venerdi', 11)
INSERT INTO [dbo].[DisponibilitaStraordinarioSets] ([IdDisponibilitaStraordinario], [Giorno1], [Giorno2], [Settimana]) VALUES (220, N'Martedi', N'Sabato', 11)
INSERT INTO [dbo].[DisponibilitaStraordinarioSets] ([IdDisponibilitaStraordinario], [Giorno1], [Giorno2], [Settimana]) VALUES (221, N'Martedi', N'Domenica', 11)
INSERT INTO [dbo].[DisponibilitaStraordinarioSets] ([IdDisponibilitaStraordinario], [Giorno1], [Giorno2], [Settimana]) VALUES (222, N'Mercoledi', N'Giovedi', 11)
INSERT INTO [dbo].[DisponibilitaStraordinarioSets] ([IdDisponibilitaStraordinario], [Giorno1], [Giorno2], [Settimana]) VALUES (223, N'Mercoledi', N'Venerdi', 11)
INSERT INTO [dbo].[DisponibilitaStraordinarioSets] ([IdDisponibilitaStraordinario], [Giorno1], [Giorno2], [Settimana]) VALUES (224, N'Mercoledi', N'Sabato', 11)
INSERT INTO [dbo].[DisponibilitaStraordinarioSets] ([IdDisponibilitaStraordinario], [Giorno1], [Giorno2], [Settimana]) VALUES (225, N'Mercoledi', N'Domenica', 11)
INSERT INTO [dbo].[DisponibilitaStraordinarioSets] ([IdDisponibilitaStraordinario], [Giorno1], [Giorno2], [Settimana]) VALUES (226, N'Giovedi', N'Venerdi', 11)
INSERT INTO [dbo].[DisponibilitaStraordinarioSets] ([IdDisponibilitaStraordinario], [Giorno1], [Giorno2], [Settimana]) VALUES (227, N'Giovedi', N'Sabato', 11)
INSERT INTO [dbo].[DisponibilitaStraordinarioSets] ([IdDisponibilitaStraordinario], [Giorno1], [Giorno2], [Settimana]) VALUES (228, N'Giovedi', N'Domenica', 11)
INSERT INTO [dbo].[DisponibilitaStraordinarioSets] ([IdDisponibilitaStraordinario], [Giorno1], [Giorno2], [Settimana]) VALUES (229, N'Venerdi', N'Sabato', 11)
INSERT INTO [dbo].[DisponibilitaStraordinarioSets] ([IdDisponibilitaStraordinario], [Giorno1], [Giorno2], [Settimana]) VALUES (230, N'Venerdi', N'Domenica', 11)
INSERT INTO [dbo].[DisponibilitaStraordinarioSets] ([IdDisponibilitaStraordinario], [Giorno1], [Giorno2], [Settimana]) VALUES (231, N'Sabato', N'Domenica', 11)
INSERT INTO [dbo].[DisponibilitaStraordinarioSets] ([IdDisponibilitaStraordinario], [Giorno1], [Giorno2], [Settimana]) VALUES (232, N'Lunedi', N'Martedi', 12)
INSERT INTO [dbo].[DisponibilitaStraordinarioSets] ([IdDisponibilitaStraordinario], [Giorno1], [Giorno2], [Settimana]) VALUES (233, N'Lunedi', N'Mercoledi', 12)
INSERT INTO [dbo].[DisponibilitaStraordinarioSets] ([IdDisponibilitaStraordinario], [Giorno1], [Giorno2], [Settimana]) VALUES (234, N'Lunedi', N'Giovedi', 12)
INSERT INTO [dbo].[DisponibilitaStraordinarioSets] ([IdDisponibilitaStraordinario], [Giorno1], [Giorno2], [Settimana]) VALUES (235, N'Lunedi', N'Venerdi', 12)
INSERT INTO [dbo].[DisponibilitaStraordinarioSets] ([IdDisponibilitaStraordinario], [Giorno1], [Giorno2], [Settimana]) VALUES (236, N'Lunedi', N'Sabato', 12)
INSERT INTO [dbo].[DisponibilitaStraordinarioSets] ([IdDisponibilitaStraordinario], [Giorno1], [Giorno2], [Settimana]) VALUES (237, N'Lunedi', N'Domenica', 12)
INSERT INTO [dbo].[DisponibilitaStraordinarioSets] ([IdDisponibilitaStraordinario], [Giorno1], [Giorno2], [Settimana]) VALUES (238, N'Martedi', N'Mercoledi', 12)
INSERT INTO [dbo].[DisponibilitaStraordinarioSets] ([IdDisponibilitaStraordinario], [Giorno1], [Giorno2], [Settimana]) VALUES (239, N'Martedi', N'Giovedi', 12)
INSERT INTO [dbo].[DisponibilitaStraordinarioSets] ([IdDisponibilitaStraordinario], [Giorno1], [Giorno2], [Settimana]) VALUES (240, N'Martedi', N'Venerdi', 12)
INSERT INTO [dbo].[DisponibilitaStraordinarioSets] ([IdDisponibilitaStraordinario], [Giorno1], [Giorno2], [Settimana]) VALUES (241, N'Martedi', N'Sabato', 12)
INSERT INTO [dbo].[DisponibilitaStraordinarioSets] ([IdDisponibilitaStraordinario], [Giorno1], [Giorno2], [Settimana]) VALUES (242, N'Martedi', N'Domenica', 12)
INSERT INTO [dbo].[DisponibilitaStraordinarioSets] ([IdDisponibilitaStraordinario], [Giorno1], [Giorno2], [Settimana]) VALUES (243, N'Mercoledi', N'Giovedi', 12)
INSERT INTO [dbo].[DisponibilitaStraordinarioSets] ([IdDisponibilitaStraordinario], [Giorno1], [Giorno2], [Settimana]) VALUES (244, N'Mercoledi', N'Venerdi', 12)
INSERT INTO [dbo].[DisponibilitaStraordinarioSets] ([IdDisponibilitaStraordinario], [Giorno1], [Giorno2], [Settimana]) VALUES (245, N'Mercoledi', N'Sabato', 12)
INSERT INTO [dbo].[DisponibilitaStraordinarioSets] ([IdDisponibilitaStraordinario], [Giorno1], [Giorno2], [Settimana]) VALUES (246, N'Mercoledi', N'Domenica', 12)
INSERT INTO [dbo].[DisponibilitaStraordinarioSets] ([IdDisponibilitaStraordinario], [Giorno1], [Giorno2], [Settimana]) VALUES (247, N'Giovedi', N'Venerdi', 12)
INSERT INTO [dbo].[DisponibilitaStraordinarioSets] ([IdDisponibilitaStraordinario], [Giorno1], [Giorno2], [Settimana]) VALUES (248, N'Giovedi', N'Sabato', 12)
INSERT INTO [dbo].[DisponibilitaStraordinarioSets] ([IdDisponibilitaStraordinario], [Giorno1], [Giorno2], [Settimana]) VALUES (249, N'Giovedi', N'Domenica', 12)
INSERT INTO [dbo].[DisponibilitaStraordinarioSets] ([IdDisponibilitaStraordinario], [Giorno1], [Giorno2], [Settimana]) VALUES (250, N'Venerdi', N'Sabato', 12)
INSERT INTO [dbo].[DisponibilitaStraordinarioSets] ([IdDisponibilitaStraordinario], [Giorno1], [Giorno2], [Settimana]) VALUES (251, N'Venerdi', N'Domenica', 12)
INSERT INTO [dbo].[DisponibilitaStraordinarioSets] ([IdDisponibilitaStraordinario], [Giorno1], [Giorno2], [Settimana]) VALUES (252, N'Sabato', N'Domenica', 12)
INSERT INTO [dbo].[DisponibilitaStraordinarioSets] ([IdDisponibilitaStraordinario], [Giorno1], [Giorno2], [Settimana]) VALUES (253, N'Lunedi', N'Martedi', 13)
INSERT INTO [dbo].[DisponibilitaStraordinarioSets] ([IdDisponibilitaStraordinario], [Giorno1], [Giorno2], [Settimana]) VALUES (254, N'Lunedi', N'Mercoledi', 13)
INSERT INTO [dbo].[DisponibilitaStraordinarioSets] ([IdDisponibilitaStraordinario], [Giorno1], [Giorno2], [Settimana]) VALUES (255, N'Lunedi', N'Giovedi', 13)
INSERT INTO [dbo].[DisponibilitaStraordinarioSets] ([IdDisponibilitaStraordinario], [Giorno1], [Giorno2], [Settimana]) VALUES (256, N'Lunedi', N'Venerdi', 13)
INSERT INTO [dbo].[DisponibilitaStraordinarioSets] ([IdDisponibilitaStraordinario], [Giorno1], [Giorno2], [Settimana]) VALUES (257, N'Lunedi', N'Sabato', 13)
INSERT INTO [dbo].[DisponibilitaStraordinarioSets] ([IdDisponibilitaStraordinario], [Giorno1], [Giorno2], [Settimana]) VALUES (258, N'Lunedi', N'Domenica', 13)
INSERT INTO [dbo].[DisponibilitaStraordinarioSets] ([IdDisponibilitaStraordinario], [Giorno1], [Giorno2], [Settimana]) VALUES (259, N'Martedi', N'Mercoledi', 13)
INSERT INTO [dbo].[DisponibilitaStraordinarioSets] ([IdDisponibilitaStraordinario], [Giorno1], [Giorno2], [Settimana]) VALUES (260, N'Martedi', N'Giovedi', 13)
INSERT INTO [dbo].[DisponibilitaStraordinarioSets] ([IdDisponibilitaStraordinario], [Giorno1], [Giorno2], [Settimana]) VALUES (261, N'Martedi', N'Venerdi', 13)
INSERT INTO [dbo].[DisponibilitaStraordinarioSets] ([IdDisponibilitaStraordinario], [Giorno1], [Giorno2], [Settimana]) VALUES (262, N'Martedi', N'Sabato', 13)
INSERT INTO [dbo].[DisponibilitaStraordinarioSets] ([IdDisponibilitaStraordinario], [Giorno1], [Giorno2], [Settimana]) VALUES (263, N'Martedi', N'Domenica', 13)
INSERT INTO [dbo].[DisponibilitaStraordinarioSets] ([IdDisponibilitaStraordinario], [Giorno1], [Giorno2], [Settimana]) VALUES (264, N'Mercoledi', N'Giovedi', 13)
INSERT INTO [dbo].[DisponibilitaStraordinarioSets] ([IdDisponibilitaStraordinario], [Giorno1], [Giorno2], [Settimana]) VALUES (265, N'Mercoledi', N'Venerdi', 13)
INSERT INTO [dbo].[DisponibilitaStraordinarioSets] ([IdDisponibilitaStraordinario], [Giorno1], [Giorno2], [Settimana]) VALUES (266, N'Mercoledi', N'Sabato', 13)
INSERT INTO [dbo].[DisponibilitaStraordinarioSets] ([IdDisponibilitaStraordinario], [Giorno1], [Giorno2], [Settimana]) VALUES (267, N'Mercoledi', N'Domenica', 13)
INSERT INTO [dbo].[DisponibilitaStraordinarioSets] ([IdDisponibilitaStraordinario], [Giorno1], [Giorno2], [Settimana]) VALUES (268, N'Giovedi', N'Venerdi', 13)
INSERT INTO [dbo].[DisponibilitaStraordinarioSets] ([IdDisponibilitaStraordinario], [Giorno1], [Giorno2], [Settimana]) VALUES (269, N'Giovedi', N'Sabato', 13)
INSERT INTO [dbo].[DisponibilitaStraordinarioSets] ([IdDisponibilitaStraordinario], [Giorno1], [Giorno2], [Settimana]) VALUES (270, N'Giovedi', N'Domenica', 13)
INSERT INTO [dbo].[DisponibilitaStraordinarioSets] ([IdDisponibilitaStraordinario], [Giorno1], [Giorno2], [Settimana]) VALUES (271, N'Venerdi', N'Sabato', 13)
INSERT INTO [dbo].[DisponibilitaStraordinarioSets] ([IdDisponibilitaStraordinario], [Giorno1], [Giorno2], [Settimana]) VALUES (272, N'Venerdi', N'Domenica', 13)
INSERT INTO [dbo].[DisponibilitaStraordinarioSets] ([IdDisponibilitaStraordinario], [Giorno1], [Giorno2], [Settimana]) VALUES (273, N'Sabato', N'Domenica', 13)
INSERT INTO [dbo].[DisponibilitaStraordinarioSets] ([IdDisponibilitaStraordinario], [Giorno1], [Giorno2], [Settimana]) VALUES (274, N'Lunedi', N'Martedi', 14)
INSERT INTO [dbo].[DisponibilitaStraordinarioSets] ([IdDisponibilitaStraordinario], [Giorno1], [Giorno2], [Settimana]) VALUES (275, N'Lunedi', N'Mercoledi', 14)
INSERT INTO [dbo].[DisponibilitaStraordinarioSets] ([IdDisponibilitaStraordinario], [Giorno1], [Giorno2], [Settimana]) VALUES (276, N'Lunedi', N'Giovedi', 14)
INSERT INTO [dbo].[DisponibilitaStraordinarioSets] ([IdDisponibilitaStraordinario], [Giorno1], [Giorno2], [Settimana]) VALUES (277, N'Lunedi', N'Venerdi', 14)
INSERT INTO [dbo].[DisponibilitaStraordinarioSets] ([IdDisponibilitaStraordinario], [Giorno1], [Giorno2], [Settimana]) VALUES (278, N'Lunedi', N'Sabato', 14)
INSERT INTO [dbo].[DisponibilitaStraordinarioSets] ([IdDisponibilitaStraordinario], [Giorno1], [Giorno2], [Settimana]) VALUES (279, N'Lunedi', N'Domenica', 14)
INSERT INTO [dbo].[DisponibilitaStraordinarioSets] ([IdDisponibilitaStraordinario], [Giorno1], [Giorno2], [Settimana]) VALUES (280, N'Martedi', N'Mercoledi', 14)
INSERT INTO [dbo].[DisponibilitaStraordinarioSets] ([IdDisponibilitaStraordinario], [Giorno1], [Giorno2], [Settimana]) VALUES (281, N'Martedi', N'Giovedi', 14)
INSERT INTO [dbo].[DisponibilitaStraordinarioSets] ([IdDisponibilitaStraordinario], [Giorno1], [Giorno2], [Settimana]) VALUES (282, N'Martedi', N'Venerdi', 14)
INSERT INTO [dbo].[DisponibilitaStraordinarioSets] ([IdDisponibilitaStraordinario], [Giorno1], [Giorno2], [Settimana]) VALUES (283, N'Martedi', N'Sabato', 14)
INSERT INTO [dbo].[DisponibilitaStraordinarioSets] ([IdDisponibilitaStraordinario], [Giorno1], [Giorno2], [Settimana]) VALUES (284, N'Martedi', N'Domenica', 14)
INSERT INTO [dbo].[DisponibilitaStraordinarioSets] ([IdDisponibilitaStraordinario], [Giorno1], [Giorno2], [Settimana]) VALUES (285, N'Mercoledi', N'Giovedi', 14)
INSERT INTO [dbo].[DisponibilitaStraordinarioSets] ([IdDisponibilitaStraordinario], [Giorno1], [Giorno2], [Settimana]) VALUES (286, N'Mercoledi', N'Venerdi', 14)
INSERT INTO [dbo].[DisponibilitaStraordinarioSets] ([IdDisponibilitaStraordinario], [Giorno1], [Giorno2], [Settimana]) VALUES (287, N'Mercoledi', N'Sabato', 14)
INSERT INTO [dbo].[DisponibilitaStraordinarioSets] ([IdDisponibilitaStraordinario], [Giorno1], [Giorno2], [Settimana]) VALUES (288, N'Mercoledi', N'Domenica', 14)
INSERT INTO [dbo].[DisponibilitaStraordinarioSets] ([IdDisponibilitaStraordinario], [Giorno1], [Giorno2], [Settimana]) VALUES (289, N'Giovedi', N'Venerdi', 14)
INSERT INTO [dbo].[DisponibilitaStraordinarioSets] ([IdDisponibilitaStraordinario], [Giorno1], [Giorno2], [Settimana]) VALUES (290, N'Giovedi', N'Sabato', 14)
INSERT INTO [dbo].[DisponibilitaStraordinarioSets] ([IdDisponibilitaStraordinario], [Giorno1], [Giorno2], [Settimana]) VALUES (291, N'Giovedi', N'Domenica', 14)
INSERT INTO [dbo].[DisponibilitaStraordinarioSets] ([IdDisponibilitaStraordinario], [Giorno1], [Giorno2], [Settimana]) VALUES (292, N'Venerdi', N'Sabato', 14)
INSERT INTO [dbo].[DisponibilitaStraordinarioSets] ([IdDisponibilitaStraordinario], [Giorno1], [Giorno2], [Settimana]) VALUES (293, N'Venerdi', N'Domenica', 14)
INSERT INTO [dbo].[DisponibilitaStraordinarioSets] ([IdDisponibilitaStraordinario], [Giorno1], [Giorno2], [Settimana]) VALUES (294, N'Sabato', N'Domenica', 14)
INSERT INTO [dbo].[DisponibilitaStraordinarioSets] ([IdDisponibilitaStraordinario], [Giorno1], [Giorno2], [Settimana]) VALUES (295, N'Lunedi', N'Martedi', 15)
INSERT INTO [dbo].[DisponibilitaStraordinarioSets] ([IdDisponibilitaStraordinario], [Giorno1], [Giorno2], [Settimana]) VALUES (296, N'Lunedi', N'Mercoledi', 15)
INSERT INTO [dbo].[DisponibilitaStraordinarioSets] ([IdDisponibilitaStraordinario], [Giorno1], [Giorno2], [Settimana]) VALUES (297, N'Lunedi', N'Giovedi', 15)
INSERT INTO [dbo].[DisponibilitaStraordinarioSets] ([IdDisponibilitaStraordinario], [Giorno1], [Giorno2], [Settimana]) VALUES (298, N'Lunedi', N'Venerdi', 15)
INSERT INTO [dbo].[DisponibilitaStraordinarioSets] ([IdDisponibilitaStraordinario], [Giorno1], [Giorno2], [Settimana]) VALUES (299, N'Lunedi', N'Sabato', 15)
INSERT INTO [dbo].[DisponibilitaStraordinarioSets] ([IdDisponibilitaStraordinario], [Giorno1], [Giorno2], [Settimana]) VALUES (300, N'Lunedi', N'Domenica', 15)
INSERT INTO [dbo].[DisponibilitaStraordinarioSets] ([IdDisponibilitaStraordinario], [Giorno1], [Giorno2], [Settimana]) VALUES (301, N'Martedi', N'Mercoledi', 15)
INSERT INTO [dbo].[DisponibilitaStraordinarioSets] ([IdDisponibilitaStraordinario], [Giorno1], [Giorno2], [Settimana]) VALUES (302, N'Martedi', N'Giovedi', 15)
INSERT INTO [dbo].[DisponibilitaStraordinarioSets] ([IdDisponibilitaStraordinario], [Giorno1], [Giorno2], [Settimana]) VALUES (303, N'Martedi', N'Venerdi', 15)
INSERT INTO [dbo].[DisponibilitaStraordinarioSets] ([IdDisponibilitaStraordinario], [Giorno1], [Giorno2], [Settimana]) VALUES (304, N'Martedi', N'Sabato', 15)
INSERT INTO [dbo].[DisponibilitaStraordinarioSets] ([IdDisponibilitaStraordinario], [Giorno1], [Giorno2], [Settimana]) VALUES (305, N'Martedi', N'Domenica', 15)
INSERT INTO [dbo].[DisponibilitaStraordinarioSets] ([IdDisponibilitaStraordinario], [Giorno1], [Giorno2], [Settimana]) VALUES (306, N'Mercoledi', N'Giovedi', 15)
INSERT INTO [dbo].[DisponibilitaStraordinarioSets] ([IdDisponibilitaStraordinario], [Giorno1], [Giorno2], [Settimana]) VALUES (307, N'Mercoledi', N'Venerdi', 15)
INSERT INTO [dbo].[DisponibilitaStraordinarioSets] ([IdDisponibilitaStraordinario], [Giorno1], [Giorno2], [Settimana]) VALUES (308, N'Mercoledi', N'Sabato', 15)
INSERT INTO [dbo].[DisponibilitaStraordinarioSets] ([IdDisponibilitaStraordinario], [Giorno1], [Giorno2], [Settimana]) VALUES (309, N'Mercoledi', N'Domenica', 15)
INSERT INTO [dbo].[DisponibilitaStraordinarioSets] ([IdDisponibilitaStraordinario], [Giorno1], [Giorno2], [Settimana]) VALUES (310, N'Giovedi', N'Venerdi', 15)
INSERT INTO [dbo].[DisponibilitaStraordinarioSets] ([IdDisponibilitaStraordinario], [Giorno1], [Giorno2], [Settimana]) VALUES (311, N'Giovedi', N'Sabato', 15)
INSERT INTO [dbo].[DisponibilitaStraordinarioSets] ([IdDisponibilitaStraordinario], [Giorno1], [Giorno2], [Settimana]) VALUES (312, N'Giovedi', N'Domenica', 15)
INSERT INTO [dbo].[DisponibilitaStraordinarioSets] ([IdDisponibilitaStraordinario], [Giorno1], [Giorno2], [Settimana]) VALUES (313, N'Venerdi', N'Sabato', 15)
INSERT INTO [dbo].[DisponibilitaStraordinarioSets] ([IdDisponibilitaStraordinario], [Giorno1], [Giorno2], [Settimana]) VALUES (314, N'Venerdi', N'Domenica', 15)
INSERT INTO [dbo].[DisponibilitaStraordinarioSets] ([IdDisponibilitaStraordinario], [Giorno1], [Giorno2], [Settimana]) VALUES (315, N'Sabato', N'Domenica', 15)
INSERT INTO [dbo].[DisponibilitaStraordinarioSets] ([IdDisponibilitaStraordinario], [Giorno1], [Giorno2], [Settimana]) VALUES (316, N'Lunedi', N'Martedi', 16)
INSERT INTO [dbo].[DisponibilitaStraordinarioSets] ([IdDisponibilitaStraordinario], [Giorno1], [Giorno2], [Settimana]) VALUES (317, N'Lunedi', N'Mercoledi', 16)
INSERT INTO [dbo].[DisponibilitaStraordinarioSets] ([IdDisponibilitaStraordinario], [Giorno1], [Giorno2], [Settimana]) VALUES (318, N'Lunedi', N'Giovedi', 16)
INSERT INTO [dbo].[DisponibilitaStraordinarioSets] ([IdDisponibilitaStraordinario], [Giorno1], [Giorno2], [Settimana]) VALUES (319, N'Lunedi', N'Venerdi', 16)
INSERT INTO [dbo].[DisponibilitaStraordinarioSets] ([IdDisponibilitaStraordinario], [Giorno1], [Giorno2], [Settimana]) VALUES (320, N'Lunedi', N'Sabato', 16)
INSERT INTO [dbo].[DisponibilitaStraordinarioSets] ([IdDisponibilitaStraordinario], [Giorno1], [Giorno2], [Settimana]) VALUES (321, N'Lunedi', N'Domenica', 16)
INSERT INTO [dbo].[DisponibilitaStraordinarioSets] ([IdDisponibilitaStraordinario], [Giorno1], [Giorno2], [Settimana]) VALUES (322, N'Martedi', N'Mercoledi', 16)
INSERT INTO [dbo].[DisponibilitaStraordinarioSets] ([IdDisponibilitaStraordinario], [Giorno1], [Giorno2], [Settimana]) VALUES (323, N'Martedi', N'Giovedi', 16)
INSERT INTO [dbo].[DisponibilitaStraordinarioSets] ([IdDisponibilitaStraordinario], [Giorno1], [Giorno2], [Settimana]) VALUES (324, N'Martedi', N'Venerdi', 16)
INSERT INTO [dbo].[DisponibilitaStraordinarioSets] ([IdDisponibilitaStraordinario], [Giorno1], [Giorno2], [Settimana]) VALUES (325, N'Martedi', N'Sabato', 16)
INSERT INTO [dbo].[DisponibilitaStraordinarioSets] ([IdDisponibilitaStraordinario], [Giorno1], [Giorno2], [Settimana]) VALUES (326, N'Martedi', N'Domenica', 16)
INSERT INTO [dbo].[DisponibilitaStraordinarioSets] ([IdDisponibilitaStraordinario], [Giorno1], [Giorno2], [Settimana]) VALUES (327, N'Mercoledi', N'Giovedi', 16)
INSERT INTO [dbo].[DisponibilitaStraordinarioSets] ([IdDisponibilitaStraordinario], [Giorno1], [Giorno2], [Settimana]) VALUES (328, N'Mercoledi', N'Venerdi', 16)
INSERT INTO [dbo].[DisponibilitaStraordinarioSets] ([IdDisponibilitaStraordinario], [Giorno1], [Giorno2], [Settimana]) VALUES (329, N'Mercoledi', N'Sabato', 16)
INSERT INTO [dbo].[DisponibilitaStraordinarioSets] ([IdDisponibilitaStraordinario], [Giorno1], [Giorno2], [Settimana]) VALUES (330, N'Mercoledi', N'Domenica', 16)
INSERT INTO [dbo].[DisponibilitaStraordinarioSets] ([IdDisponibilitaStraordinario], [Giorno1], [Giorno2], [Settimana]) VALUES (331, N'Giovedi', N'Venerdi', 16)
INSERT INTO [dbo].[DisponibilitaStraordinarioSets] ([IdDisponibilitaStraordinario], [Giorno1], [Giorno2], [Settimana]) VALUES (332, N'Giovedi', N'Sabato', 16)
INSERT INTO [dbo].[DisponibilitaStraordinarioSets] ([IdDisponibilitaStraordinario], [Giorno1], [Giorno2], [Settimana]) VALUES (333, N'Giovedi', N'Domenica', 16)
INSERT INTO [dbo].[DisponibilitaStraordinarioSets] ([IdDisponibilitaStraordinario], [Giorno1], [Giorno2], [Settimana]) VALUES (334, N'Venerdi', N'Sabato', 16)
INSERT INTO [dbo].[DisponibilitaStraordinarioSets] ([IdDisponibilitaStraordinario], [Giorno1], [Giorno2], [Settimana]) VALUES (335, N'Venerdi', N'Domenica', 16)
INSERT INTO [dbo].[DisponibilitaStraordinarioSets] ([IdDisponibilitaStraordinario], [Giorno1], [Giorno2], [Settimana]) VALUES (336, N'Sabato', N'Domenica', 16)
INSERT INTO [dbo].[DisponibilitaStraordinarioSets] ([IdDisponibilitaStraordinario], [Giorno1], [Giorno2], [Settimana]) VALUES (337, N'Lunedi', N'Martedi', 17)
INSERT INTO [dbo].[DisponibilitaStraordinarioSets] ([IdDisponibilitaStraordinario], [Giorno1], [Giorno2], [Settimana]) VALUES (338, N'Lunedi', N'Mercoledi', 17)
INSERT INTO [dbo].[DisponibilitaStraordinarioSets] ([IdDisponibilitaStraordinario], [Giorno1], [Giorno2], [Settimana]) VALUES (339, N'Lunedi', N'Giovedi', 17)
INSERT INTO [dbo].[DisponibilitaStraordinarioSets] ([IdDisponibilitaStraordinario], [Giorno1], [Giorno2], [Settimana]) VALUES (340, N'Lunedi', N'Venerdi', 17)
INSERT INTO [dbo].[DisponibilitaStraordinarioSets] ([IdDisponibilitaStraordinario], [Giorno1], [Giorno2], [Settimana]) VALUES (341, N'Lunedi', N'Sabato', 17)
INSERT INTO [dbo].[DisponibilitaStraordinarioSets] ([IdDisponibilitaStraordinario], [Giorno1], [Giorno2], [Settimana]) VALUES (342, N'Lunedi', N'Domenica', 17)
INSERT INTO [dbo].[DisponibilitaStraordinarioSets] ([IdDisponibilitaStraordinario], [Giorno1], [Giorno2], [Settimana]) VALUES (343, N'Martedi', N'Mercoledi', 17)
INSERT INTO [dbo].[DisponibilitaStraordinarioSets] ([IdDisponibilitaStraordinario], [Giorno1], [Giorno2], [Settimana]) VALUES (344, N'Martedi', N'Giovedi', 17)
INSERT INTO [dbo].[DisponibilitaStraordinarioSets] ([IdDisponibilitaStraordinario], [Giorno1], [Giorno2], [Settimana]) VALUES (345, N'Martedi', N'Venerdi', 17)
INSERT INTO [dbo].[DisponibilitaStraordinarioSets] ([IdDisponibilitaStraordinario], [Giorno1], [Giorno2], [Settimana]) VALUES (346, N'Martedi', N'Sabato', 17)
INSERT INTO [dbo].[DisponibilitaStraordinarioSets] ([IdDisponibilitaStraordinario], [Giorno1], [Giorno2], [Settimana]) VALUES (347, N'Martedi', N'Domenica', 17)
INSERT INTO [dbo].[DisponibilitaStraordinarioSets] ([IdDisponibilitaStraordinario], [Giorno1], [Giorno2], [Settimana]) VALUES (348, N'Mercoledi', N'Giovedi', 17)
INSERT INTO [dbo].[DisponibilitaStraordinarioSets] ([IdDisponibilitaStraordinario], [Giorno1], [Giorno2], [Settimana]) VALUES (349, N'Mercoledi', N'Venerdi', 17)
INSERT INTO [dbo].[DisponibilitaStraordinarioSets] ([IdDisponibilitaStraordinario], [Giorno1], [Giorno2], [Settimana]) VALUES (350, N'Mercoledi', N'Sabato', 17)
INSERT INTO [dbo].[DisponibilitaStraordinarioSets] ([IdDisponibilitaStraordinario], [Giorno1], [Giorno2], [Settimana]) VALUES (351, N'Mercoledi', N'Domenica', 17)
INSERT INTO [dbo].[DisponibilitaStraordinarioSets] ([IdDisponibilitaStraordinario], [Giorno1], [Giorno2], [Settimana]) VALUES (352, N'Giovedi', N'Venerdi', 17)
INSERT INTO [dbo].[DisponibilitaStraordinarioSets] ([IdDisponibilitaStraordinario], [Giorno1], [Giorno2], [Settimana]) VALUES (353, N'Giovedi', N'Sabato', 17)
INSERT INTO [dbo].[DisponibilitaStraordinarioSets] ([IdDisponibilitaStraordinario], [Giorno1], [Giorno2], [Settimana]) VALUES (354, N'Giovedi', N'Domenica', 17)
INSERT INTO [dbo].[DisponibilitaStraordinarioSets] ([IdDisponibilitaStraordinario], [Giorno1], [Giorno2], [Settimana]) VALUES (355, N'Venerdi', N'Sabato', 17)
INSERT INTO [dbo].[DisponibilitaStraordinarioSets] ([IdDisponibilitaStraordinario], [Giorno1], [Giorno2], [Settimana]) VALUES (356, N'Venerdi', N'Domenica', 17)
INSERT INTO [dbo].[DisponibilitaStraordinarioSets] ([IdDisponibilitaStraordinario], [Giorno1], [Giorno2], [Settimana]) VALUES (357, N'Sabato', N'Domenica', 17)
INSERT INTO [dbo].[DisponibilitaStraordinarioSets] ([IdDisponibilitaStraordinario], [Giorno1], [Giorno2], [Settimana]) VALUES (358, N'Lunedi', N'Martedi', 18)
INSERT INTO [dbo].[DisponibilitaStraordinarioSets] ([IdDisponibilitaStraordinario], [Giorno1], [Giorno2], [Settimana]) VALUES (359, N'Lunedi', N'Mercoledi', 18)
INSERT INTO [dbo].[DisponibilitaStraordinarioSets] ([IdDisponibilitaStraordinario], [Giorno1], [Giorno2], [Settimana]) VALUES (360, N'Lunedi', N'Giovedi', 18)
INSERT INTO [dbo].[DisponibilitaStraordinarioSets] ([IdDisponibilitaStraordinario], [Giorno1], [Giorno2], [Settimana]) VALUES (361, N'Lunedi', N'Venerdi', 18)
INSERT INTO [dbo].[DisponibilitaStraordinarioSets] ([IdDisponibilitaStraordinario], [Giorno1], [Giorno2], [Settimana]) VALUES (362, N'Lunedi', N'Sabato', 18)
INSERT INTO [dbo].[DisponibilitaStraordinarioSets] ([IdDisponibilitaStraordinario], [Giorno1], [Giorno2], [Settimana]) VALUES (363, N'Lunedi', N'Domenica', 18)
INSERT INTO [dbo].[DisponibilitaStraordinarioSets] ([IdDisponibilitaStraordinario], [Giorno1], [Giorno2], [Settimana]) VALUES (364, N'Martedi', N'Mercoledi', 18)
INSERT INTO [dbo].[DisponibilitaStraordinarioSets] ([IdDisponibilitaStraordinario], [Giorno1], [Giorno2], [Settimana]) VALUES (365, N'Martedi', N'Giovedi', 18)
INSERT INTO [dbo].[DisponibilitaStraordinarioSets] ([IdDisponibilitaStraordinario], [Giorno1], [Giorno2], [Settimana]) VALUES (366, N'Martedi', N'Venerdi', 18)
INSERT INTO [dbo].[DisponibilitaStraordinarioSets] ([IdDisponibilitaStraordinario], [Giorno1], [Giorno2], [Settimana]) VALUES (367, N'Martedi', N'Sabato', 18)
INSERT INTO [dbo].[DisponibilitaStraordinarioSets] ([IdDisponibilitaStraordinario], [Giorno1], [Giorno2], [Settimana]) VALUES (368, N'Martedi', N'Domenica', 18)
INSERT INTO [dbo].[DisponibilitaStraordinarioSets] ([IdDisponibilitaStraordinario], [Giorno1], [Giorno2], [Settimana]) VALUES (369, N'Mercoledi', N'Giovedi', 18)
INSERT INTO [dbo].[DisponibilitaStraordinarioSets] ([IdDisponibilitaStraordinario], [Giorno1], [Giorno2], [Settimana]) VALUES (370, N'Mercoledi', N'Venerdi', 18)
INSERT INTO [dbo].[DisponibilitaStraordinarioSets] ([IdDisponibilitaStraordinario], [Giorno1], [Giorno2], [Settimana]) VALUES (371, N'Mercoledi', N'Sabato', 18)
INSERT INTO [dbo].[DisponibilitaStraordinarioSets] ([IdDisponibilitaStraordinario], [Giorno1], [Giorno2], [Settimana]) VALUES (372, N'Mercoledi', N'Domenica', 18)
INSERT INTO [dbo].[DisponibilitaStraordinarioSets] ([IdDisponibilitaStraordinario], [Giorno1], [Giorno2], [Settimana]) VALUES (373, N'Giovedi', N'Venerdi', 18)
INSERT INTO [dbo].[DisponibilitaStraordinarioSets] ([IdDisponibilitaStraordinario], [Giorno1], [Giorno2], [Settimana]) VALUES (374, N'Giovedi', N'Sabato', 18)
INSERT INTO [dbo].[DisponibilitaStraordinarioSets] ([IdDisponibilitaStraordinario], [Giorno1], [Giorno2], [Settimana]) VALUES (375, N'Giovedi', N'Domenica', 18)
INSERT INTO [dbo].[DisponibilitaStraordinarioSets] ([IdDisponibilitaStraordinario], [Giorno1], [Giorno2], [Settimana]) VALUES (376, N'Venerdi', N'Sabato', 18)
INSERT INTO [dbo].[DisponibilitaStraordinarioSets] ([IdDisponibilitaStraordinario], [Giorno1], [Giorno2], [Settimana]) VALUES (377, N'Venerdi', N'Domenica', 18)
INSERT INTO [dbo].[DisponibilitaStraordinarioSets] ([IdDisponibilitaStraordinario], [Giorno1], [Giorno2], [Settimana]) VALUES (378, N'Sabato', N'Domenica', 18)
INSERT INTO [dbo].[DisponibilitaStraordinarioSets] ([IdDisponibilitaStraordinario], [Giorno1], [Giorno2], [Settimana]) VALUES (379, N'Lunedi', N'Martedi', 19)
INSERT INTO [dbo].[DisponibilitaStraordinarioSets] ([IdDisponibilitaStraordinario], [Giorno1], [Giorno2], [Settimana]) VALUES (380, N'Lunedi', N'Mercoledi', 19)
INSERT INTO [dbo].[DisponibilitaStraordinarioSets] ([IdDisponibilitaStraordinario], [Giorno1], [Giorno2], [Settimana]) VALUES (381, N'Lunedi', N'Giovedi', 19)
INSERT INTO [dbo].[DisponibilitaStraordinarioSets] ([IdDisponibilitaStraordinario], [Giorno1], [Giorno2], [Settimana]) VALUES (382, N'Lunedi', N'Venerdi', 19)
INSERT INTO [dbo].[DisponibilitaStraordinarioSets] ([IdDisponibilitaStraordinario], [Giorno1], [Giorno2], [Settimana]) VALUES (383, N'Lunedi', N'Sabato', 19)
INSERT INTO [dbo].[DisponibilitaStraordinarioSets] ([IdDisponibilitaStraordinario], [Giorno1], [Giorno2], [Settimana]) VALUES (384, N'Lunedi', N'Domenica', 19)
INSERT INTO [dbo].[DisponibilitaStraordinarioSets] ([IdDisponibilitaStraordinario], [Giorno1], [Giorno2], [Settimana]) VALUES (385, N'Martedi', N'Mercoledi', 19)
INSERT INTO [dbo].[DisponibilitaStraordinarioSets] ([IdDisponibilitaStraordinario], [Giorno1], [Giorno2], [Settimana]) VALUES (386, N'Martedi', N'Giovedi', 19)
INSERT INTO [dbo].[DisponibilitaStraordinarioSets] ([IdDisponibilitaStraordinario], [Giorno1], [Giorno2], [Settimana]) VALUES (387, N'Martedi', N'Venerdi', 19)
INSERT INTO [dbo].[DisponibilitaStraordinarioSets] ([IdDisponibilitaStraordinario], [Giorno1], [Giorno2], [Settimana]) VALUES (388, N'Martedi', N'Sabato', 19)
INSERT INTO [dbo].[DisponibilitaStraordinarioSets] ([IdDisponibilitaStraordinario], [Giorno1], [Giorno2], [Settimana]) VALUES (389, N'Martedi', N'Domenica', 19)
INSERT INTO [dbo].[DisponibilitaStraordinarioSets] ([IdDisponibilitaStraordinario], [Giorno1], [Giorno2], [Settimana]) VALUES (390, N'Mercoledi', N'Giovedi', 19)
INSERT INTO [dbo].[DisponibilitaStraordinarioSets] ([IdDisponibilitaStraordinario], [Giorno1], [Giorno2], [Settimana]) VALUES (391, N'Mercoledi', N'Venerdi', 19)
INSERT INTO [dbo].[DisponibilitaStraordinarioSets] ([IdDisponibilitaStraordinario], [Giorno1], [Giorno2], [Settimana]) VALUES (392, N'Mercoledi', N'Sabato', 19)
INSERT INTO [dbo].[DisponibilitaStraordinarioSets] ([IdDisponibilitaStraordinario], [Giorno1], [Giorno2], [Settimana]) VALUES (393, N'Mercoledi', N'Domenica', 19)
INSERT INTO [dbo].[DisponibilitaStraordinarioSets] ([IdDisponibilitaStraordinario], [Giorno1], [Giorno2], [Settimana]) VALUES (394, N'Giovedi', N'Venerdi', 19)
INSERT INTO [dbo].[DisponibilitaStraordinarioSets] ([IdDisponibilitaStraordinario], [Giorno1], [Giorno2], [Settimana]) VALUES (395, N'Giovedi', N'Sabato', 19)
INSERT INTO [dbo].[DisponibilitaStraordinarioSets] ([IdDisponibilitaStraordinario], [Giorno1], [Giorno2], [Settimana]) VALUES (396, N'Giovedi', N'Domenica', 19)
INSERT INTO [dbo].[DisponibilitaStraordinarioSets] ([IdDisponibilitaStraordinario], [Giorno1], [Giorno2], [Settimana]) VALUES (397, N'Venerdi', N'Sabato', 19)
INSERT INTO [dbo].[DisponibilitaStraordinarioSets] ([IdDisponibilitaStraordinario], [Giorno1], [Giorno2], [Settimana]) VALUES (398, N'Venerdi', N'Domenica', 19)
INSERT INTO [dbo].[DisponibilitaStraordinarioSets] ([IdDisponibilitaStraordinario], [Giorno1], [Giorno2], [Settimana]) VALUES (399, N'Sabato', N'Domenica', 19)
INSERT INTO [dbo].[DisponibilitaStraordinarioSets] ([IdDisponibilitaStraordinario], [Giorno1], [Giorno2], [Settimana]) VALUES (400, N'Lunedi', N'Martedi', 20)
INSERT INTO [dbo].[DisponibilitaStraordinarioSets] ([IdDisponibilitaStraordinario], [Giorno1], [Giorno2], [Settimana]) VALUES (401, N'Lunedi', N'Mercoledi', 20)
INSERT INTO [dbo].[DisponibilitaStraordinarioSets] ([IdDisponibilitaStraordinario], [Giorno1], [Giorno2], [Settimana]) VALUES (402, N'Lunedi', N'Giovedi', 20)
INSERT INTO [dbo].[DisponibilitaStraordinarioSets] ([IdDisponibilitaStraordinario], [Giorno1], [Giorno2], [Settimana]) VALUES (403, N'Lunedi', N'Venerdi', 20)
INSERT INTO [dbo].[DisponibilitaStraordinarioSets] ([IdDisponibilitaStraordinario], [Giorno1], [Giorno2], [Settimana]) VALUES (404, N'Lunedi', N'Sabato', 20)
INSERT INTO [dbo].[DisponibilitaStraordinarioSets] ([IdDisponibilitaStraordinario], [Giorno1], [Giorno2], [Settimana]) VALUES (405, N'Lunedi', N'Domenica', 20)
INSERT INTO [dbo].[DisponibilitaStraordinarioSets] ([IdDisponibilitaStraordinario], [Giorno1], [Giorno2], [Settimana]) VALUES (406, N'Martedi', N'Mercoledi', 20)
INSERT INTO [dbo].[DisponibilitaStraordinarioSets] ([IdDisponibilitaStraordinario], [Giorno1], [Giorno2], [Settimana]) VALUES (407, N'Martedi', N'Giovedi', 20)
INSERT INTO [dbo].[DisponibilitaStraordinarioSets] ([IdDisponibilitaStraordinario], [Giorno1], [Giorno2], [Settimana]) VALUES (408, N'Martedi', N'Venerdi', 20)
INSERT INTO [dbo].[DisponibilitaStraordinarioSets] ([IdDisponibilitaStraordinario], [Giorno1], [Giorno2], [Settimana]) VALUES (409, N'Martedi', N'Sabato', 20)
INSERT INTO [dbo].[DisponibilitaStraordinarioSets] ([IdDisponibilitaStraordinario], [Giorno1], [Giorno2], [Settimana]) VALUES (410, N'Martedi', N'Domenica', 20)
INSERT INTO [dbo].[DisponibilitaStraordinarioSets] ([IdDisponibilitaStraordinario], [Giorno1], [Giorno2], [Settimana]) VALUES (411, N'Mercoledi', N'Giovedi', 20)
INSERT INTO [dbo].[DisponibilitaStraordinarioSets] ([IdDisponibilitaStraordinario], [Giorno1], [Giorno2], [Settimana]) VALUES (412, N'Mercoledi', N'Venerdi', 20)
INSERT INTO [dbo].[DisponibilitaStraordinarioSets] ([IdDisponibilitaStraordinario], [Giorno1], [Giorno2], [Settimana]) VALUES (413, N'Mercoledi', N'Sabato', 20)
INSERT INTO [dbo].[DisponibilitaStraordinarioSets] ([IdDisponibilitaStraordinario], [Giorno1], [Giorno2], [Settimana]) VALUES (414, N'Mercoledi', N'Domenica', 20)
INSERT INTO [dbo].[DisponibilitaStraordinarioSets] ([IdDisponibilitaStraordinario], [Giorno1], [Giorno2], [Settimana]) VALUES (415, N'Giovedi', N'Venerdi', 20)
INSERT INTO [dbo].[DisponibilitaStraordinarioSets] ([IdDisponibilitaStraordinario], [Giorno1], [Giorno2], [Settimana]) VALUES (416, N'Giovedi', N'Sabato', 20)
INSERT INTO [dbo].[DisponibilitaStraordinarioSets] ([IdDisponibilitaStraordinario], [Giorno1], [Giorno2], [Settimana]) VALUES (417, N'Giovedi', N'Domenica', 20)
INSERT INTO [dbo].[DisponibilitaStraordinarioSets] ([IdDisponibilitaStraordinario], [Giorno1], [Giorno2], [Settimana]) VALUES (418, N'Venerdi', N'Sabato', 20)
INSERT INTO [dbo].[DisponibilitaStraordinarioSets] ([IdDisponibilitaStraordinario], [Giorno1], [Giorno2], [Settimana]) VALUES (419, N'Venerdi', N'Domenica', 20)
INSERT INTO [dbo].[DisponibilitaStraordinarioSets] ([IdDisponibilitaStraordinario], [Giorno1], [Giorno2], [Settimana]) VALUES (420, N'Sabato', N'Domenica', 20)
INSERT INTO [dbo].[DisponibilitaStraordinarioSets] ([IdDisponibilitaStraordinario], [Giorno1], [Giorno2], [Settimana]) VALUES (421, N'Lunedi', N'Martedi', 21)
INSERT INTO [dbo].[DisponibilitaStraordinarioSets] ([IdDisponibilitaStraordinario], [Giorno1], [Giorno2], [Settimana]) VALUES (422, N'Lunedi', N'Mercoledi', 21)
INSERT INTO [dbo].[DisponibilitaStraordinarioSets] ([IdDisponibilitaStraordinario], [Giorno1], [Giorno2], [Settimana]) VALUES (423, N'Lunedi', N'Giovedi', 21)
INSERT INTO [dbo].[DisponibilitaStraordinarioSets] ([IdDisponibilitaStraordinario], [Giorno1], [Giorno2], [Settimana]) VALUES (424, N'Lunedi', N'Venerdi', 21)
INSERT INTO [dbo].[DisponibilitaStraordinarioSets] ([IdDisponibilitaStraordinario], [Giorno1], [Giorno2], [Settimana]) VALUES (425, N'Lunedi', N'Sabato', 21)
INSERT INTO [dbo].[DisponibilitaStraordinarioSets] ([IdDisponibilitaStraordinario], [Giorno1], [Giorno2], [Settimana]) VALUES (426, N'Lunedi', N'Domenica', 21)
INSERT INTO [dbo].[DisponibilitaStraordinarioSets] ([IdDisponibilitaStraordinario], [Giorno1], [Giorno2], [Settimana]) VALUES (427, N'Martedi', N'Mercoledi', 21)
INSERT INTO [dbo].[DisponibilitaStraordinarioSets] ([IdDisponibilitaStraordinario], [Giorno1], [Giorno2], [Settimana]) VALUES (428, N'Martedi', N'Giovedi', 21)
INSERT INTO [dbo].[DisponibilitaStraordinarioSets] ([IdDisponibilitaStraordinario], [Giorno1], [Giorno2], [Settimana]) VALUES (429, N'Martedi', N'Venerdi', 21)
INSERT INTO [dbo].[DisponibilitaStraordinarioSets] ([IdDisponibilitaStraordinario], [Giorno1], [Giorno2], [Settimana]) VALUES (430, N'Martedi', N'Sabato', 21)
INSERT INTO [dbo].[DisponibilitaStraordinarioSets] ([IdDisponibilitaStraordinario], [Giorno1], [Giorno2], [Settimana]) VALUES (431, N'Martedi', N'Domenica', 21)
INSERT INTO [dbo].[DisponibilitaStraordinarioSets] ([IdDisponibilitaStraordinario], [Giorno1], [Giorno2], [Settimana]) VALUES (432, N'Mercoledi', N'Giovedi', 21)
INSERT INTO [dbo].[DisponibilitaStraordinarioSets] ([IdDisponibilitaStraordinario], [Giorno1], [Giorno2], [Settimana]) VALUES (433, N'Mercoledi', N'Venerdi', 21)
INSERT INTO [dbo].[DisponibilitaStraordinarioSets] ([IdDisponibilitaStraordinario], [Giorno1], [Giorno2], [Settimana]) VALUES (434, N'Mercoledi', N'Sabato', 21)
INSERT INTO [dbo].[DisponibilitaStraordinarioSets] ([IdDisponibilitaStraordinario], [Giorno1], [Giorno2], [Settimana]) VALUES (435, N'Mercoledi', N'Domenica', 21)
INSERT INTO [dbo].[DisponibilitaStraordinarioSets] ([IdDisponibilitaStraordinario], [Giorno1], [Giorno2], [Settimana]) VALUES (436, N'Giovedi', N'Venerdi', 21)
INSERT INTO [dbo].[DisponibilitaStraordinarioSets] ([IdDisponibilitaStraordinario], [Giorno1], [Giorno2], [Settimana]) VALUES (437, N'Giovedi', N'Sabato', 21)
INSERT INTO [dbo].[DisponibilitaStraordinarioSets] ([IdDisponibilitaStraordinario], [Giorno1], [Giorno2], [Settimana]) VALUES (438, N'Giovedi', N'Domenica', 21)
INSERT INTO [dbo].[DisponibilitaStraordinarioSets] ([IdDisponibilitaStraordinario], [Giorno1], [Giorno2], [Settimana]) VALUES (439, N'Venerdi', N'Sabato', 21)
INSERT INTO [dbo].[DisponibilitaStraordinarioSets] ([IdDisponibilitaStraordinario], [Giorno1], [Giorno2], [Settimana]) VALUES (440, N'Venerdi', N'Domenica', 21)
INSERT INTO [dbo].[DisponibilitaStraordinarioSets] ([IdDisponibilitaStraordinario], [Giorno1], [Giorno2], [Settimana]) VALUES (441, N'Sabato', N'Domenica', 21)
INSERT INTO [dbo].[DisponibilitaStraordinarioSets] ([IdDisponibilitaStraordinario], [Giorno1], [Giorno2], [Settimana]) VALUES (442, N'Lunedi', N'Martedi', 22)
INSERT INTO [dbo].[DisponibilitaStraordinarioSets] ([IdDisponibilitaStraordinario], [Giorno1], [Giorno2], [Settimana]) VALUES (443, N'Lunedi', N'Mercoledi', 22)
INSERT INTO [dbo].[DisponibilitaStraordinarioSets] ([IdDisponibilitaStraordinario], [Giorno1], [Giorno2], [Settimana]) VALUES (444, N'Lunedi', N'Giovedi', 22)
INSERT INTO [dbo].[DisponibilitaStraordinarioSets] ([IdDisponibilitaStraordinario], [Giorno1], [Giorno2], [Settimana]) VALUES (445, N'Lunedi', N'Venerdi', 22)
INSERT INTO [dbo].[DisponibilitaStraordinarioSets] ([IdDisponibilitaStraordinario], [Giorno1], [Giorno2], [Settimana]) VALUES (446, N'Lunedi', N'Sabato', 22)
INSERT INTO [dbo].[DisponibilitaStraordinarioSets] ([IdDisponibilitaStraordinario], [Giorno1], [Giorno2], [Settimana]) VALUES (447, N'Lunedi', N'Domenica', 22)
INSERT INTO [dbo].[DisponibilitaStraordinarioSets] ([IdDisponibilitaStraordinario], [Giorno1], [Giorno2], [Settimana]) VALUES (448, N'Martedi', N'Mercoledi', 22)
INSERT INTO [dbo].[DisponibilitaStraordinarioSets] ([IdDisponibilitaStraordinario], [Giorno1], [Giorno2], [Settimana]) VALUES (449, N'Martedi', N'Giovedi', 22)
INSERT INTO [dbo].[DisponibilitaStraordinarioSets] ([IdDisponibilitaStraordinario], [Giorno1], [Giorno2], [Settimana]) VALUES (450, N'Martedi', N'Venerdi', 22)
INSERT INTO [dbo].[DisponibilitaStraordinarioSets] ([IdDisponibilitaStraordinario], [Giorno1], [Giorno2], [Settimana]) VALUES (451, N'Martedi', N'Sabato', 22)
INSERT INTO [dbo].[DisponibilitaStraordinarioSets] ([IdDisponibilitaStraordinario], [Giorno1], [Giorno2], [Settimana]) VALUES (452, N'Martedi', N'Domenica', 22)
INSERT INTO [dbo].[DisponibilitaStraordinarioSets] ([IdDisponibilitaStraordinario], [Giorno1], [Giorno2], [Settimana]) VALUES (453, N'Mercoledi', N'Giovedi', 22)
INSERT INTO [dbo].[DisponibilitaStraordinarioSets] ([IdDisponibilitaStraordinario], [Giorno1], [Giorno2], [Settimana]) VALUES (454, N'Mercoledi', N'Venerdi', 22)
INSERT INTO [dbo].[DisponibilitaStraordinarioSets] ([IdDisponibilitaStraordinario], [Giorno1], [Giorno2], [Settimana]) VALUES (455, N'Mercoledi', N'Sabato', 22)
INSERT INTO [dbo].[DisponibilitaStraordinarioSets] ([IdDisponibilitaStraordinario], [Giorno1], [Giorno2], [Settimana]) VALUES (456, N'Mercoledi', N'Domenica', 22)
INSERT INTO [dbo].[DisponibilitaStraordinarioSets] ([IdDisponibilitaStraordinario], [Giorno1], [Giorno2], [Settimana]) VALUES (457, N'Giovedi', N'Venerdi', 22)
INSERT INTO [dbo].[DisponibilitaStraordinarioSets] ([IdDisponibilitaStraordinario], [Giorno1], [Giorno2], [Settimana]) VALUES (458, N'Giovedi', N'Sabato', 22)
INSERT INTO [dbo].[DisponibilitaStraordinarioSets] ([IdDisponibilitaStraordinario], [Giorno1], [Giorno2], [Settimana]) VALUES (459, N'Giovedi', N'Domenica', 22)
INSERT INTO [dbo].[DisponibilitaStraordinarioSets] ([IdDisponibilitaStraordinario], [Giorno1], [Giorno2], [Settimana]) VALUES (460, N'Venerdi', N'Sabato', 22)
INSERT INTO [dbo].[DisponibilitaStraordinarioSets] ([IdDisponibilitaStraordinario], [Giorno1], [Giorno2], [Settimana]) VALUES (461, N'Venerdi', N'Domenica', 22)
INSERT INTO [dbo].[DisponibilitaStraordinarioSets] ([IdDisponibilitaStraordinario], [Giorno1], [Giorno2], [Settimana]) VALUES (462, N'Sabato', N'Domenica', 22)
INSERT INTO [dbo].[DisponibilitaStraordinarioSets] ([IdDisponibilitaStraordinario], [Giorno1], [Giorno2], [Settimana]) VALUES (463, N'Lunedi', N'Martedi', 23)
INSERT INTO [dbo].[DisponibilitaStraordinarioSets] ([IdDisponibilitaStraordinario], [Giorno1], [Giorno2], [Settimana]) VALUES (464, N'Lunedi', N'Mercoledi', 23)
INSERT INTO [dbo].[DisponibilitaStraordinarioSets] ([IdDisponibilitaStraordinario], [Giorno1], [Giorno2], [Settimana]) VALUES (465, N'Lunedi', N'Giovedi', 23)
INSERT INTO [dbo].[DisponibilitaStraordinarioSets] ([IdDisponibilitaStraordinario], [Giorno1], [Giorno2], [Settimana]) VALUES (466, N'Lunedi', N'Venerdi', 23)
INSERT INTO [dbo].[DisponibilitaStraordinarioSets] ([IdDisponibilitaStraordinario], [Giorno1], [Giorno2], [Settimana]) VALUES (467, N'Lunedi', N'Sabato', 23)
INSERT INTO [dbo].[DisponibilitaStraordinarioSets] ([IdDisponibilitaStraordinario], [Giorno1], [Giorno2], [Settimana]) VALUES (468, N'Lunedi', N'Domenica', 23)
INSERT INTO [dbo].[DisponibilitaStraordinarioSets] ([IdDisponibilitaStraordinario], [Giorno1], [Giorno2], [Settimana]) VALUES (469, N'Martedi', N'Mercoledi', 23)
INSERT INTO [dbo].[DisponibilitaStraordinarioSets] ([IdDisponibilitaStraordinario], [Giorno1], [Giorno2], [Settimana]) VALUES (470, N'Martedi', N'Giovedi', 23)
INSERT INTO [dbo].[DisponibilitaStraordinarioSets] ([IdDisponibilitaStraordinario], [Giorno1], [Giorno2], [Settimana]) VALUES (471, N'Martedi', N'Venerdi', 23)
INSERT INTO [dbo].[DisponibilitaStraordinarioSets] ([IdDisponibilitaStraordinario], [Giorno1], [Giorno2], [Settimana]) VALUES (472, N'Martedi', N'Sabato', 23)
INSERT INTO [dbo].[DisponibilitaStraordinarioSets] ([IdDisponibilitaStraordinario], [Giorno1], [Giorno2], [Settimana]) VALUES (473, N'Martedi', N'Domenica', 23)
INSERT INTO [dbo].[DisponibilitaStraordinarioSets] ([IdDisponibilitaStraordinario], [Giorno1], [Giorno2], [Settimana]) VALUES (474, N'Mercoledi', N'Giovedi', 23)
INSERT INTO [dbo].[DisponibilitaStraordinarioSets] ([IdDisponibilitaStraordinario], [Giorno1], [Giorno2], [Settimana]) VALUES (475, N'Mercoledi', N'Venerdi', 23)
INSERT INTO [dbo].[DisponibilitaStraordinarioSets] ([IdDisponibilitaStraordinario], [Giorno1], [Giorno2], [Settimana]) VALUES (476, N'Mercoledi', N'Sabato', 23)
INSERT INTO [dbo].[DisponibilitaStraordinarioSets] ([IdDisponibilitaStraordinario], [Giorno1], [Giorno2], [Settimana]) VALUES (477, N'Mercoledi', N'Domenica', 23)
INSERT INTO [dbo].[DisponibilitaStraordinarioSets] ([IdDisponibilitaStraordinario], [Giorno1], [Giorno2], [Settimana]) VALUES (478, N'Giovedi', N'Venerdi', 23)
INSERT INTO [dbo].[DisponibilitaStraordinarioSets] ([IdDisponibilitaStraordinario], [Giorno1], [Giorno2], [Settimana]) VALUES (479, N'Giovedi', N'Sabato', 23)
INSERT INTO [dbo].[DisponibilitaStraordinarioSets] ([IdDisponibilitaStraordinario], [Giorno1], [Giorno2], [Settimana]) VALUES (480, N'Giovedi', N'Domenica', 23)
INSERT INTO [dbo].[DisponibilitaStraordinarioSets] ([IdDisponibilitaStraordinario], [Giorno1], [Giorno2], [Settimana]) VALUES (481, N'Venerdi', N'Sabato', 23)
INSERT INTO [dbo].[DisponibilitaStraordinarioSets] ([IdDisponibilitaStraordinario], [Giorno1], [Giorno2], [Settimana]) VALUES (482, N'Venerdi', N'Domenica', 23)
INSERT INTO [dbo].[DisponibilitaStraordinarioSets] ([IdDisponibilitaStraordinario], [Giorno1], [Giorno2], [Settimana]) VALUES (483, N'Sabato', N'Domenica', 23)
INSERT INTO [dbo].[DisponibilitaStraordinarioSets] ([IdDisponibilitaStraordinario], [Giorno1], [Giorno2], [Settimana]) VALUES (484, N'Lunedi', N'Martedi', 24)
INSERT INTO [dbo].[DisponibilitaStraordinarioSets] ([IdDisponibilitaStraordinario], [Giorno1], [Giorno2], [Settimana]) VALUES (485, N'Lunedi', N'Mercoledi', 24)
INSERT INTO [dbo].[DisponibilitaStraordinarioSets] ([IdDisponibilitaStraordinario], [Giorno1], [Giorno2], [Settimana]) VALUES (486, N'Lunedi', N'Giovedi', 24)
INSERT INTO [dbo].[DisponibilitaStraordinarioSets] ([IdDisponibilitaStraordinario], [Giorno1], [Giorno2], [Settimana]) VALUES (487, N'Lunedi', N'Venerdi', 24)
INSERT INTO [dbo].[DisponibilitaStraordinarioSets] ([IdDisponibilitaStraordinario], [Giorno1], [Giorno2], [Settimana]) VALUES (488, N'Lunedi', N'Sabato', 24)
INSERT INTO [dbo].[DisponibilitaStraordinarioSets] ([IdDisponibilitaStraordinario], [Giorno1], [Giorno2], [Settimana]) VALUES (489, N'Lunedi', N'Domenica', 24)
INSERT INTO [dbo].[DisponibilitaStraordinarioSets] ([IdDisponibilitaStraordinario], [Giorno1], [Giorno2], [Settimana]) VALUES (490, N'Martedi', N'Mercoledi', 24)
INSERT INTO [dbo].[DisponibilitaStraordinarioSets] ([IdDisponibilitaStraordinario], [Giorno1], [Giorno2], [Settimana]) VALUES (491, N'Martedi', N'Giovedi', 24)
INSERT INTO [dbo].[DisponibilitaStraordinarioSets] ([IdDisponibilitaStraordinario], [Giorno1], [Giorno2], [Settimana]) VALUES (492, N'Martedi', N'Venerdi', 24)
INSERT INTO [dbo].[DisponibilitaStraordinarioSets] ([IdDisponibilitaStraordinario], [Giorno1], [Giorno2], [Settimana]) VALUES (493, N'Martedi', N'Sabato', 24)
INSERT INTO [dbo].[DisponibilitaStraordinarioSets] ([IdDisponibilitaStraordinario], [Giorno1], [Giorno2], [Settimana]) VALUES (494, N'Martedi', N'Domenica', 24)
INSERT INTO [dbo].[DisponibilitaStraordinarioSets] ([IdDisponibilitaStraordinario], [Giorno1], [Giorno2], [Settimana]) VALUES (495, N'Mercoledi', N'Giovedi', 24)
INSERT INTO [dbo].[DisponibilitaStraordinarioSets] ([IdDisponibilitaStraordinario], [Giorno1], [Giorno2], [Settimana]) VALUES (496, N'Mercoledi', N'Venerdi', 24)
INSERT INTO [dbo].[DisponibilitaStraordinarioSets] ([IdDisponibilitaStraordinario], [Giorno1], [Giorno2], [Settimana]) VALUES (497, N'Mercoledi', N'Sabato', 24)
INSERT INTO [dbo].[DisponibilitaStraordinarioSets] ([IdDisponibilitaStraordinario], [Giorno1], [Giorno2], [Settimana]) VALUES (498, N'Mercoledi', N'Domenica', 24)
INSERT INTO [dbo].[DisponibilitaStraordinarioSets] ([IdDisponibilitaStraordinario], [Giorno1], [Giorno2], [Settimana]) VALUES (499, N'Giovedi', N'Venerdi', 24)
INSERT INTO [dbo].[DisponibilitaStraordinarioSets] ([IdDisponibilitaStraordinario], [Giorno1], [Giorno2], [Settimana]) VALUES (500, N'Giovedi', N'Sabato', 24)
INSERT INTO [dbo].[DisponibilitaStraordinarioSets] ([IdDisponibilitaStraordinario], [Giorno1], [Giorno2], [Settimana]) VALUES (501, N'Giovedi', N'Domenica', 24)
INSERT INTO [dbo].[DisponibilitaStraordinarioSets] ([IdDisponibilitaStraordinario], [Giorno1], [Giorno2], [Settimana]) VALUES (502, N'Venerdi', N'Sabato', 24)
INSERT INTO [dbo].[DisponibilitaStraordinarioSets] ([IdDisponibilitaStraordinario], [Giorno1], [Giorno2], [Settimana]) VALUES (503, N'Venerdi', N'Domenica', 24)
INSERT INTO [dbo].[DisponibilitaStraordinarioSets] ([IdDisponibilitaStraordinario], [Giorno1], [Giorno2], [Settimana]) VALUES (504, N'Sabato', N'Domenica', 24)
INSERT INTO [dbo].[DisponibilitaStraordinarioSets] ([IdDisponibilitaStraordinario], [Giorno1], [Giorno2], [Settimana]) VALUES (505, N'Lunedi', N'Martedi', 25)
INSERT INTO [dbo].[DisponibilitaStraordinarioSets] ([IdDisponibilitaStraordinario], [Giorno1], [Giorno2], [Settimana]) VALUES (506, N'Lunedi', N'Mercoledi', 25)
INSERT INTO [dbo].[DisponibilitaStraordinarioSets] ([IdDisponibilitaStraordinario], [Giorno1], [Giorno2], [Settimana]) VALUES (507, N'Lunedi', N'Giovedi', 25)
INSERT INTO [dbo].[DisponibilitaStraordinarioSets] ([IdDisponibilitaStraordinario], [Giorno1], [Giorno2], [Settimana]) VALUES (508, N'Lunedi', N'Venerdi', 25)
INSERT INTO [dbo].[DisponibilitaStraordinarioSets] ([IdDisponibilitaStraordinario], [Giorno1], [Giorno2], [Settimana]) VALUES (509, N'Lunedi', N'Sabato', 25)
INSERT INTO [dbo].[DisponibilitaStraordinarioSets] ([IdDisponibilitaStraordinario], [Giorno1], [Giorno2], [Settimana]) VALUES (510, N'Lunedi', N'Domenica', 25)
INSERT INTO [dbo].[DisponibilitaStraordinarioSets] ([IdDisponibilitaStraordinario], [Giorno1], [Giorno2], [Settimana]) VALUES (511, N'Martedi', N'Mercoledi', 25)
INSERT INTO [dbo].[DisponibilitaStraordinarioSets] ([IdDisponibilitaStraordinario], [Giorno1], [Giorno2], [Settimana]) VALUES (512, N'Martedi', N'Giovedi', 25)
INSERT INTO [dbo].[DisponibilitaStraordinarioSets] ([IdDisponibilitaStraordinario], [Giorno1], [Giorno2], [Settimana]) VALUES (513, N'Martedi', N'Venerdi', 25)
INSERT INTO [dbo].[DisponibilitaStraordinarioSets] ([IdDisponibilitaStraordinario], [Giorno1], [Giorno2], [Settimana]) VALUES (514, N'Martedi', N'Sabato', 25)
INSERT INTO [dbo].[DisponibilitaStraordinarioSets] ([IdDisponibilitaStraordinario], [Giorno1], [Giorno2], [Settimana]) VALUES (515, N'Martedi', N'Domenica', 25)
INSERT INTO [dbo].[DisponibilitaStraordinarioSets] ([IdDisponibilitaStraordinario], [Giorno1], [Giorno2], [Settimana]) VALUES (516, N'Mercoledi', N'Giovedi', 25)
INSERT INTO [dbo].[DisponibilitaStraordinarioSets] ([IdDisponibilitaStraordinario], [Giorno1], [Giorno2], [Settimana]) VALUES (517, N'Mercoledi', N'Venerdi', 25)
INSERT INTO [dbo].[DisponibilitaStraordinarioSets] ([IdDisponibilitaStraordinario], [Giorno1], [Giorno2], [Settimana]) VALUES (518, N'Mercoledi', N'Sabato', 25)
INSERT INTO [dbo].[DisponibilitaStraordinarioSets] ([IdDisponibilitaStraordinario], [Giorno1], [Giorno2], [Settimana]) VALUES (519, N'Mercoledi', N'Domenica', 25)
INSERT INTO [dbo].[DisponibilitaStraordinarioSets] ([IdDisponibilitaStraordinario], [Giorno1], [Giorno2], [Settimana]) VALUES (520, N'Giovedi', N'Venerdi', 25)
INSERT INTO [dbo].[DisponibilitaStraordinarioSets] ([IdDisponibilitaStraordinario], [Giorno1], [Giorno2], [Settimana]) VALUES (521, N'Giovedi', N'Sabato', 25)
INSERT INTO [dbo].[DisponibilitaStraordinarioSets] ([IdDisponibilitaStraordinario], [Giorno1], [Giorno2], [Settimana]) VALUES (522, N'Giovedi', N'Domenica', 25)
INSERT INTO [dbo].[DisponibilitaStraordinarioSets] ([IdDisponibilitaStraordinario], [Giorno1], [Giorno2], [Settimana]) VALUES (523, N'Venerdi', N'Sabato', 25)
INSERT INTO [dbo].[DisponibilitaStraordinarioSets] ([IdDisponibilitaStraordinario], [Giorno1], [Giorno2], [Settimana]) VALUES (524, N'Venerdi', N'Domenica', 25)
INSERT INTO [dbo].[DisponibilitaStraordinarioSets] ([IdDisponibilitaStraordinario], [Giorno1], [Giorno2], [Settimana]) VALUES (525, N'Sabato', N'Domenica', 25)
INSERT INTO [dbo].[DisponibilitaStraordinarioSets] ([IdDisponibilitaStraordinario], [Giorno1], [Giorno2], [Settimana]) VALUES (526, N'Lunedi', N'Martedi', 26)
INSERT INTO [dbo].[DisponibilitaStraordinarioSets] ([IdDisponibilitaStraordinario], [Giorno1], [Giorno2], [Settimana]) VALUES (527, N'Lunedi', N'Mercoledi', 26)
INSERT INTO [dbo].[DisponibilitaStraordinarioSets] ([IdDisponibilitaStraordinario], [Giorno1], [Giorno2], [Settimana]) VALUES (528, N'Lunedi', N'Giovedi', 26)
INSERT INTO [dbo].[DisponibilitaStraordinarioSets] ([IdDisponibilitaStraordinario], [Giorno1], [Giorno2], [Settimana]) VALUES (529, N'Lunedi', N'Venerdi', 26)
INSERT INTO [dbo].[DisponibilitaStraordinarioSets] ([IdDisponibilitaStraordinario], [Giorno1], [Giorno2], [Settimana]) VALUES (530, N'Lunedi', N'Sabato', 26)
INSERT INTO [dbo].[DisponibilitaStraordinarioSets] ([IdDisponibilitaStraordinario], [Giorno1], [Giorno2], [Settimana]) VALUES (531, N'Lunedi', N'Domenica', 26)
INSERT INTO [dbo].[DisponibilitaStraordinarioSets] ([IdDisponibilitaStraordinario], [Giorno1], [Giorno2], [Settimana]) VALUES (532, N'Martedi', N'Mercoledi', 26)
INSERT INTO [dbo].[DisponibilitaStraordinarioSets] ([IdDisponibilitaStraordinario], [Giorno1], [Giorno2], [Settimana]) VALUES (533, N'Martedi', N'Giovedi', 26)
INSERT INTO [dbo].[DisponibilitaStraordinarioSets] ([IdDisponibilitaStraordinario], [Giorno1], [Giorno2], [Settimana]) VALUES (534, N'Martedi', N'Venerdi', 26)
INSERT INTO [dbo].[DisponibilitaStraordinarioSets] ([IdDisponibilitaStraordinario], [Giorno1], [Giorno2], [Settimana]) VALUES (535, N'Martedi', N'Sabato', 26)
INSERT INTO [dbo].[DisponibilitaStraordinarioSets] ([IdDisponibilitaStraordinario], [Giorno1], [Giorno2], [Settimana]) VALUES (536, N'Martedi', N'Domenica', 26)
INSERT INTO [dbo].[DisponibilitaStraordinarioSets] ([IdDisponibilitaStraordinario], [Giorno1], [Giorno2], [Settimana]) VALUES (537, N'Mercoledi', N'Giovedi', 26)
INSERT INTO [dbo].[DisponibilitaStraordinarioSets] ([IdDisponibilitaStraordinario], [Giorno1], [Giorno2], [Settimana]) VALUES (538, N'Mercoledi', N'Venerdi', 26)
INSERT INTO [dbo].[DisponibilitaStraordinarioSets] ([IdDisponibilitaStraordinario], [Giorno1], [Giorno2], [Settimana]) VALUES (539, N'Mercoledi', N'Sabato', 26)
INSERT INTO [dbo].[DisponibilitaStraordinarioSets] ([IdDisponibilitaStraordinario], [Giorno1], [Giorno2], [Settimana]) VALUES (540, N'Mercoledi', N'Domenica', 26)
INSERT INTO [dbo].[DisponibilitaStraordinarioSets] ([IdDisponibilitaStraordinario], [Giorno1], [Giorno2], [Settimana]) VALUES (541, N'Giovedi', N'Venerdi', 26)
INSERT INTO [dbo].[DisponibilitaStraordinarioSets] ([IdDisponibilitaStraordinario], [Giorno1], [Giorno2], [Settimana]) VALUES (542, N'Giovedi', N'Sabato', 26)
INSERT INTO [dbo].[DisponibilitaStraordinarioSets] ([IdDisponibilitaStraordinario], [Giorno1], [Giorno2], [Settimana]) VALUES (543, N'Giovedi', N'Domenica', 26)
INSERT INTO [dbo].[DisponibilitaStraordinarioSets] ([IdDisponibilitaStraordinario], [Giorno1], [Giorno2], [Settimana]) VALUES (544, N'Venerdi', N'Sabato', 26)
INSERT INTO [dbo].[DisponibilitaStraordinarioSets] ([IdDisponibilitaStraordinario], [Giorno1], [Giorno2], [Settimana]) VALUES (545, N'Venerdi', N'Domenica', 26)
INSERT INTO [dbo].[DisponibilitaStraordinarioSets] ([IdDisponibilitaStraordinario], [Giorno1], [Giorno2], [Settimana]) VALUES (546, N'Sabato', N'Domenica', 26)
INSERT INTO [dbo].[DisponibilitaStraordinarioSets] ([IdDisponibilitaStraordinario], [Giorno1], [Giorno2], [Settimana]) VALUES (547, N'Lunedi', N'Martedi', 27)
INSERT INTO [dbo].[DisponibilitaStraordinarioSets] ([IdDisponibilitaStraordinario], [Giorno1], [Giorno2], [Settimana]) VALUES (548, N'Lunedi', N'Mercoledi', 27)
INSERT INTO [dbo].[DisponibilitaStraordinarioSets] ([IdDisponibilitaStraordinario], [Giorno1], [Giorno2], [Settimana]) VALUES (549, N'Lunedi', N'Giovedi', 27)
INSERT INTO [dbo].[DisponibilitaStraordinarioSets] ([IdDisponibilitaStraordinario], [Giorno1], [Giorno2], [Settimana]) VALUES (550, N'Lunedi', N'Venerdi', 27)
INSERT INTO [dbo].[DisponibilitaStraordinarioSets] ([IdDisponibilitaStraordinario], [Giorno1], [Giorno2], [Settimana]) VALUES (551, N'Lunedi', N'Sabato', 27)
INSERT INTO [dbo].[DisponibilitaStraordinarioSets] ([IdDisponibilitaStraordinario], [Giorno1], [Giorno2], [Settimana]) VALUES (552, N'Lunedi', N'Domenica', 27)
INSERT INTO [dbo].[DisponibilitaStraordinarioSets] ([IdDisponibilitaStraordinario], [Giorno1], [Giorno2], [Settimana]) VALUES (553, N'Martedi', N'Mercoledi', 27)
INSERT INTO [dbo].[DisponibilitaStraordinarioSets] ([IdDisponibilitaStraordinario], [Giorno1], [Giorno2], [Settimana]) VALUES (554, N'Martedi', N'Giovedi', 27)
INSERT INTO [dbo].[DisponibilitaStraordinarioSets] ([IdDisponibilitaStraordinario], [Giorno1], [Giorno2], [Settimana]) VALUES (555, N'Martedi', N'Venerdi', 27)
INSERT INTO [dbo].[DisponibilitaStraordinarioSets] ([IdDisponibilitaStraordinario], [Giorno1], [Giorno2], [Settimana]) VALUES (556, N'Martedi', N'Sabato', 27)
INSERT INTO [dbo].[DisponibilitaStraordinarioSets] ([IdDisponibilitaStraordinario], [Giorno1], [Giorno2], [Settimana]) VALUES (557, N'Martedi', N'Domenica', 27)
INSERT INTO [dbo].[DisponibilitaStraordinarioSets] ([IdDisponibilitaStraordinario], [Giorno1], [Giorno2], [Settimana]) VALUES (558, N'Mercoledi', N'Giovedi', 27)
INSERT INTO [dbo].[DisponibilitaStraordinarioSets] ([IdDisponibilitaStraordinario], [Giorno1], [Giorno2], [Settimana]) VALUES (559, N'Mercoledi', N'Venerdi', 27)
INSERT INTO [dbo].[DisponibilitaStraordinarioSets] ([IdDisponibilitaStraordinario], [Giorno1], [Giorno2], [Settimana]) VALUES (560, N'Mercoledi', N'Sabato', 27)
INSERT INTO [dbo].[DisponibilitaStraordinarioSets] ([IdDisponibilitaStraordinario], [Giorno1], [Giorno2], [Settimana]) VALUES (561, N'Mercoledi', N'Domenica', 27)
INSERT INTO [dbo].[DisponibilitaStraordinarioSets] ([IdDisponibilitaStraordinario], [Giorno1], [Giorno2], [Settimana]) VALUES (562, N'Giovedi', N'Venerdi', 27)
INSERT INTO [dbo].[DisponibilitaStraordinarioSets] ([IdDisponibilitaStraordinario], [Giorno1], [Giorno2], [Settimana]) VALUES (563, N'Giovedi', N'Sabato', 27)
INSERT INTO [dbo].[DisponibilitaStraordinarioSets] ([IdDisponibilitaStraordinario], [Giorno1], [Giorno2], [Settimana]) VALUES (564, N'Giovedi', N'Domenica', 27)
INSERT INTO [dbo].[DisponibilitaStraordinarioSets] ([IdDisponibilitaStraordinario], [Giorno1], [Giorno2], [Settimana]) VALUES (565, N'Venerdi', N'Sabato', 27)
INSERT INTO [dbo].[DisponibilitaStraordinarioSets] ([IdDisponibilitaStraordinario], [Giorno1], [Giorno2], [Settimana]) VALUES (566, N'Venerdi', N'Domenica', 27)
INSERT INTO [dbo].[DisponibilitaStraordinarioSets] ([IdDisponibilitaStraordinario], [Giorno1], [Giorno2], [Settimana]) VALUES (567, N'Sabato', N'Domenica', 27)
INSERT INTO [dbo].[DisponibilitaStraordinarioSets] ([IdDisponibilitaStraordinario], [Giorno1], [Giorno2], [Settimana]) VALUES (568, N'Lunedi', N'Martedi', 28)
INSERT INTO [dbo].[DisponibilitaStraordinarioSets] ([IdDisponibilitaStraordinario], [Giorno1], [Giorno2], [Settimana]) VALUES (569, N'Lunedi', N'Mercoledi', 28)
INSERT INTO [dbo].[DisponibilitaStraordinarioSets] ([IdDisponibilitaStraordinario], [Giorno1], [Giorno2], [Settimana]) VALUES (570, N'Lunedi', N'Giovedi', 28)
INSERT INTO [dbo].[DisponibilitaStraordinarioSets] ([IdDisponibilitaStraordinario], [Giorno1], [Giorno2], [Settimana]) VALUES (571, N'Lunedi', N'Venerdi', 28)
INSERT INTO [dbo].[DisponibilitaStraordinarioSets] ([IdDisponibilitaStraordinario], [Giorno1], [Giorno2], [Settimana]) VALUES (572, N'Lunedi', N'Sabato', 28)
INSERT INTO [dbo].[DisponibilitaStraordinarioSets] ([IdDisponibilitaStraordinario], [Giorno1], [Giorno2], [Settimana]) VALUES (573, N'Lunedi', N'Domenica', 28)
INSERT INTO [dbo].[DisponibilitaStraordinarioSets] ([IdDisponibilitaStraordinario], [Giorno1], [Giorno2], [Settimana]) VALUES (574, N'Martedi', N'Mercoledi', 28)
INSERT INTO [dbo].[DisponibilitaStraordinarioSets] ([IdDisponibilitaStraordinario], [Giorno1], [Giorno2], [Settimana]) VALUES (575, N'Martedi', N'Giovedi', 28)
INSERT INTO [dbo].[DisponibilitaStraordinarioSets] ([IdDisponibilitaStraordinario], [Giorno1], [Giorno2], [Settimana]) VALUES (576, N'Martedi', N'Venerdi', 28)
INSERT INTO [dbo].[DisponibilitaStraordinarioSets] ([IdDisponibilitaStraordinario], [Giorno1], [Giorno2], [Settimana]) VALUES (577, N'Martedi', N'Sabato', 28)
INSERT INTO [dbo].[DisponibilitaStraordinarioSets] ([IdDisponibilitaStraordinario], [Giorno1], [Giorno2], [Settimana]) VALUES (578, N'Martedi', N'Domenica', 28)
INSERT INTO [dbo].[DisponibilitaStraordinarioSets] ([IdDisponibilitaStraordinario], [Giorno1], [Giorno2], [Settimana]) VALUES (579, N'Mercoledi', N'Giovedi', 28)
INSERT INTO [dbo].[DisponibilitaStraordinarioSets] ([IdDisponibilitaStraordinario], [Giorno1], [Giorno2], [Settimana]) VALUES (580, N'Mercoledi', N'Venerdi', 28)
INSERT INTO [dbo].[DisponibilitaStraordinarioSets] ([IdDisponibilitaStraordinario], [Giorno1], [Giorno2], [Settimana]) VALUES (581, N'Mercoledi', N'Sabato', 28)
INSERT INTO [dbo].[DisponibilitaStraordinarioSets] ([IdDisponibilitaStraordinario], [Giorno1], [Giorno2], [Settimana]) VALUES (582, N'Mercoledi', N'Domenica', 28)
INSERT INTO [dbo].[DisponibilitaStraordinarioSets] ([IdDisponibilitaStraordinario], [Giorno1], [Giorno2], [Settimana]) VALUES (583, N'Giovedi', N'Venerdi', 28)
INSERT INTO [dbo].[DisponibilitaStraordinarioSets] ([IdDisponibilitaStraordinario], [Giorno1], [Giorno2], [Settimana]) VALUES (584, N'Giovedi', N'Sabato', 28)
INSERT INTO [dbo].[DisponibilitaStraordinarioSets] ([IdDisponibilitaStraordinario], [Giorno1], [Giorno2], [Settimana]) VALUES (585, N'Giovedi', N'Domenica', 28)
INSERT INTO [dbo].[DisponibilitaStraordinarioSets] ([IdDisponibilitaStraordinario], [Giorno1], [Giorno2], [Settimana]) VALUES (586, N'Venerdi', N'Sabato', 28)
INSERT INTO [dbo].[DisponibilitaStraordinarioSets] ([IdDisponibilitaStraordinario], [Giorno1], [Giorno2], [Settimana]) VALUES (587, N'Venerdi', N'Domenica', 28)
INSERT INTO [dbo].[DisponibilitaStraordinarioSets] ([IdDisponibilitaStraordinario], [Giorno1], [Giorno2], [Settimana]) VALUES (588, N'Sabato', N'Domenica', 28)
INSERT INTO [dbo].[DisponibilitaStraordinarioSets] ([IdDisponibilitaStraordinario], [Giorno1], [Giorno2], [Settimana]) VALUES (589, N'Lunedi', N'Martedi', 29)
INSERT INTO [dbo].[DisponibilitaStraordinarioSets] ([IdDisponibilitaStraordinario], [Giorno1], [Giorno2], [Settimana]) VALUES (590, N'Lunedi', N'Mercoledi', 29)
INSERT INTO [dbo].[DisponibilitaStraordinarioSets] ([IdDisponibilitaStraordinario], [Giorno1], [Giorno2], [Settimana]) VALUES (591, N'Lunedi', N'Giovedi', 29)
INSERT INTO [dbo].[DisponibilitaStraordinarioSets] ([IdDisponibilitaStraordinario], [Giorno1], [Giorno2], [Settimana]) VALUES (592, N'Lunedi', N'Venerdi', 29)
INSERT INTO [dbo].[DisponibilitaStraordinarioSets] ([IdDisponibilitaStraordinario], [Giorno1], [Giorno2], [Settimana]) VALUES (593, N'Lunedi', N'Sabato', 29)
INSERT INTO [dbo].[DisponibilitaStraordinarioSets] ([IdDisponibilitaStraordinario], [Giorno1], [Giorno2], [Settimana]) VALUES (594, N'Lunedi', N'Domenica', 29)
INSERT INTO [dbo].[DisponibilitaStraordinarioSets] ([IdDisponibilitaStraordinario], [Giorno1], [Giorno2], [Settimana]) VALUES (595, N'Martedi', N'Mercoledi', 29)
INSERT INTO [dbo].[DisponibilitaStraordinarioSets] ([IdDisponibilitaStraordinario], [Giorno1], [Giorno2], [Settimana]) VALUES (596, N'Martedi', N'Giovedi', 29)
INSERT INTO [dbo].[DisponibilitaStraordinarioSets] ([IdDisponibilitaStraordinario], [Giorno1], [Giorno2], [Settimana]) VALUES (597, N'Martedi', N'Venerdi', 29)
INSERT INTO [dbo].[DisponibilitaStraordinarioSets] ([IdDisponibilitaStraordinario], [Giorno1], [Giorno2], [Settimana]) VALUES (598, N'Martedi', N'Sabato', 29)
INSERT INTO [dbo].[DisponibilitaStraordinarioSets] ([IdDisponibilitaStraordinario], [Giorno1], [Giorno2], [Settimana]) VALUES (599, N'Martedi', N'Domenica', 29)
INSERT INTO [dbo].[DisponibilitaStraordinarioSets] ([IdDisponibilitaStraordinario], [Giorno1], [Giorno2], [Settimana]) VALUES (600, N'Mercoledi', N'Giovedi', 29)
INSERT INTO [dbo].[DisponibilitaStraordinarioSets] ([IdDisponibilitaStraordinario], [Giorno1], [Giorno2], [Settimana]) VALUES (601, N'Mercoledi', N'Venerdi', 29)
INSERT INTO [dbo].[DisponibilitaStraordinarioSets] ([IdDisponibilitaStraordinario], [Giorno1], [Giorno2], [Settimana]) VALUES (602, N'Mercoledi', N'Sabato', 29)
INSERT INTO [dbo].[DisponibilitaStraordinarioSets] ([IdDisponibilitaStraordinario], [Giorno1], [Giorno2], [Settimana]) VALUES (603, N'Mercoledi', N'Domenica', 29)
INSERT INTO [dbo].[DisponibilitaStraordinarioSets] ([IdDisponibilitaStraordinario], [Giorno1], [Giorno2], [Settimana]) VALUES (604, N'Giovedi', N'Venerdi', 29)
INSERT INTO [dbo].[DisponibilitaStraordinarioSets] ([IdDisponibilitaStraordinario], [Giorno1], [Giorno2], [Settimana]) VALUES (605, N'Giovedi', N'Sabato', 29)
INSERT INTO [dbo].[DisponibilitaStraordinarioSets] ([IdDisponibilitaStraordinario], [Giorno1], [Giorno2], [Settimana]) VALUES (606, N'Giovedi', N'Domenica', 29)
INSERT INTO [dbo].[DisponibilitaStraordinarioSets] ([IdDisponibilitaStraordinario], [Giorno1], [Giorno2], [Settimana]) VALUES (607, N'Venerdi', N'Sabato', 29)
INSERT INTO [dbo].[DisponibilitaStraordinarioSets] ([IdDisponibilitaStraordinario], [Giorno1], [Giorno2], [Settimana]) VALUES (608, N'Venerdi', N'Domenica', 29)
INSERT INTO [dbo].[DisponibilitaStraordinarioSets] ([IdDisponibilitaStraordinario], [Giorno1], [Giorno2], [Settimana]) VALUES (609, N'Sabato', N'Domenica', 29)
INSERT INTO [dbo].[DisponibilitaStraordinarioSets] ([IdDisponibilitaStraordinario], [Giorno1], [Giorno2], [Settimana]) VALUES (610, N'Lunedi', N'Martedi', 30)
INSERT INTO [dbo].[DisponibilitaStraordinarioSets] ([IdDisponibilitaStraordinario], [Giorno1], [Giorno2], [Settimana]) VALUES (611, N'Lunedi', N'Mercoledi', 30)
INSERT INTO [dbo].[DisponibilitaStraordinarioSets] ([IdDisponibilitaStraordinario], [Giorno1], [Giorno2], [Settimana]) VALUES (612, N'Lunedi', N'Giovedi', 30)
INSERT INTO [dbo].[DisponibilitaStraordinarioSets] ([IdDisponibilitaStraordinario], [Giorno1], [Giorno2], [Settimana]) VALUES (613, N'Lunedi', N'Venerdi', 30)
INSERT INTO [dbo].[DisponibilitaStraordinarioSets] ([IdDisponibilitaStraordinario], [Giorno1], [Giorno2], [Settimana]) VALUES (614, N'Lunedi', N'Sabato', 30)
INSERT INTO [dbo].[DisponibilitaStraordinarioSets] ([IdDisponibilitaStraordinario], [Giorno1], [Giorno2], [Settimana]) VALUES (615, N'Lunedi', N'Domenica', 30)
INSERT INTO [dbo].[DisponibilitaStraordinarioSets] ([IdDisponibilitaStraordinario], [Giorno1], [Giorno2], [Settimana]) VALUES (616, N'Martedi', N'Mercoledi', 30)
INSERT INTO [dbo].[DisponibilitaStraordinarioSets] ([IdDisponibilitaStraordinario], [Giorno1], [Giorno2], [Settimana]) VALUES (617, N'Martedi', N'Giovedi', 30)
INSERT INTO [dbo].[DisponibilitaStraordinarioSets] ([IdDisponibilitaStraordinario], [Giorno1], [Giorno2], [Settimana]) VALUES (618, N'Martedi', N'Venerdi', 30)
INSERT INTO [dbo].[DisponibilitaStraordinarioSets] ([IdDisponibilitaStraordinario], [Giorno1], [Giorno2], [Settimana]) VALUES (619, N'Martedi', N'Sabato', 30)
INSERT INTO [dbo].[DisponibilitaStraordinarioSets] ([IdDisponibilitaStraordinario], [Giorno1], [Giorno2], [Settimana]) VALUES (620, N'Martedi', N'Domenica', 30)
INSERT INTO [dbo].[DisponibilitaStraordinarioSets] ([IdDisponibilitaStraordinario], [Giorno1], [Giorno2], [Settimana]) VALUES (621, N'Mercoledi', N'Giovedi', 30)
INSERT INTO [dbo].[DisponibilitaStraordinarioSets] ([IdDisponibilitaStraordinario], [Giorno1], [Giorno2], [Settimana]) VALUES (622, N'Mercoledi', N'Venerdi', 30)
INSERT INTO [dbo].[DisponibilitaStraordinarioSets] ([IdDisponibilitaStraordinario], [Giorno1], [Giorno2], [Settimana]) VALUES (623, N'Mercoledi', N'Sabato', 30)
INSERT INTO [dbo].[DisponibilitaStraordinarioSets] ([IdDisponibilitaStraordinario], [Giorno1], [Giorno2], [Settimana]) VALUES (624, N'Mercoledi', N'Domenica', 30)
INSERT INTO [dbo].[DisponibilitaStraordinarioSets] ([IdDisponibilitaStraordinario], [Giorno1], [Giorno2], [Settimana]) VALUES (625, N'Giovedi', N'Venerdi', 30)
INSERT INTO [dbo].[DisponibilitaStraordinarioSets] ([IdDisponibilitaStraordinario], [Giorno1], [Giorno2], [Settimana]) VALUES (626, N'Giovedi', N'Sabato', 30)
INSERT INTO [dbo].[DisponibilitaStraordinarioSets] ([IdDisponibilitaStraordinario], [Giorno1], [Giorno2], [Settimana]) VALUES (627, N'Giovedi', N'Domenica', 30)
INSERT INTO [dbo].[DisponibilitaStraordinarioSets] ([IdDisponibilitaStraordinario], [Giorno1], [Giorno2], [Settimana]) VALUES (628, N'Venerdi', N'Sabato', 30)
INSERT INTO [dbo].[DisponibilitaStraordinarioSets] ([IdDisponibilitaStraordinario], [Giorno1], [Giorno2], [Settimana]) VALUES (629, N'Venerdi', N'Domenica', 30)
INSERT INTO [dbo].[DisponibilitaStraordinarioSets] ([IdDisponibilitaStraordinario], [Giorno1], [Giorno2], [Settimana]) VALUES (630, N'Sabato', N'Domenica', 30)
INSERT INTO [dbo].[DisponibilitaStraordinarioSets] ([IdDisponibilitaStraordinario], [Giorno1], [Giorno2], [Settimana]) VALUES (631, N'Lunedi', N'Martedi', 31)
INSERT INTO [dbo].[DisponibilitaStraordinarioSets] ([IdDisponibilitaStraordinario], [Giorno1], [Giorno2], [Settimana]) VALUES (632, N'Lunedi', N'Mercoledi', 31)
INSERT INTO [dbo].[DisponibilitaStraordinarioSets] ([IdDisponibilitaStraordinario], [Giorno1], [Giorno2], [Settimana]) VALUES (633, N'Lunedi', N'Giovedi', 31)
INSERT INTO [dbo].[DisponibilitaStraordinarioSets] ([IdDisponibilitaStraordinario], [Giorno1], [Giorno2], [Settimana]) VALUES (634, N'Lunedi', N'Venerdi', 31)
INSERT INTO [dbo].[DisponibilitaStraordinarioSets] ([IdDisponibilitaStraordinario], [Giorno1], [Giorno2], [Settimana]) VALUES (635, N'Lunedi', N'Sabato', 31)
INSERT INTO [dbo].[DisponibilitaStraordinarioSets] ([IdDisponibilitaStraordinario], [Giorno1], [Giorno2], [Settimana]) VALUES (636, N'Lunedi', N'Domenica', 31)
INSERT INTO [dbo].[DisponibilitaStraordinarioSets] ([IdDisponibilitaStraordinario], [Giorno1], [Giorno2], [Settimana]) VALUES (637, N'Martedi', N'Mercoledi', 31)
INSERT INTO [dbo].[DisponibilitaStraordinarioSets] ([IdDisponibilitaStraordinario], [Giorno1], [Giorno2], [Settimana]) VALUES (638, N'Martedi', N'Giovedi', 31)
INSERT INTO [dbo].[DisponibilitaStraordinarioSets] ([IdDisponibilitaStraordinario], [Giorno1], [Giorno2], [Settimana]) VALUES (639, N'Martedi', N'Venerdi', 31)
INSERT INTO [dbo].[DisponibilitaStraordinarioSets] ([IdDisponibilitaStraordinario], [Giorno1], [Giorno2], [Settimana]) VALUES (640, N'Martedi', N'Sabato', 31)
INSERT INTO [dbo].[DisponibilitaStraordinarioSets] ([IdDisponibilitaStraordinario], [Giorno1], [Giorno2], [Settimana]) VALUES (641, N'Martedi', N'Domenica', 31)
INSERT INTO [dbo].[DisponibilitaStraordinarioSets] ([IdDisponibilitaStraordinario], [Giorno1], [Giorno2], [Settimana]) VALUES (642, N'Mercoledi', N'Giovedi', 31)
INSERT INTO [dbo].[DisponibilitaStraordinarioSets] ([IdDisponibilitaStraordinario], [Giorno1], [Giorno2], [Settimana]) VALUES (643, N'Mercoledi', N'Venerdi', 31)
INSERT INTO [dbo].[DisponibilitaStraordinarioSets] ([IdDisponibilitaStraordinario], [Giorno1], [Giorno2], [Settimana]) VALUES (644, N'Mercoledi', N'Sabato', 31)
INSERT INTO [dbo].[DisponibilitaStraordinarioSets] ([IdDisponibilitaStraordinario], [Giorno1], [Giorno2], [Settimana]) VALUES (645, N'Mercoledi', N'Domenica', 31)
INSERT INTO [dbo].[DisponibilitaStraordinarioSets] ([IdDisponibilitaStraordinario], [Giorno1], [Giorno2], [Settimana]) VALUES (646, N'Giovedi', N'Venerdi', 31)
INSERT INTO [dbo].[DisponibilitaStraordinarioSets] ([IdDisponibilitaStraordinario], [Giorno1], [Giorno2], [Settimana]) VALUES (647, N'Giovedi', N'Sabato', 31)
INSERT INTO [dbo].[DisponibilitaStraordinarioSets] ([IdDisponibilitaStraordinario], [Giorno1], [Giorno2], [Settimana]) VALUES (648, N'Giovedi', N'Domenica', 31)
INSERT INTO [dbo].[DisponibilitaStraordinarioSets] ([IdDisponibilitaStraordinario], [Giorno1], [Giorno2], [Settimana]) VALUES (649, N'Venerdi', N'Sabato', 31)
INSERT INTO [dbo].[DisponibilitaStraordinarioSets] ([IdDisponibilitaStraordinario], [Giorno1], [Giorno2], [Settimana]) VALUES (650, N'Venerdi', N'Domenica', 31)
INSERT INTO [dbo].[DisponibilitaStraordinarioSets] ([IdDisponibilitaStraordinario], [Giorno1], [Giorno2], [Settimana]) VALUES (651, N'Sabato', N'Domenica', 31)
INSERT INTO [dbo].[DisponibilitaStraordinarioSets] ([IdDisponibilitaStraordinario], [Giorno1], [Giorno2], [Settimana]) VALUES (652, N'Lunedi', N'Martedi', 32)
INSERT INTO [dbo].[DisponibilitaStraordinarioSets] ([IdDisponibilitaStraordinario], [Giorno1], [Giorno2], [Settimana]) VALUES (653, N'Lunedi', N'Mercoledi', 32)
INSERT INTO [dbo].[DisponibilitaStraordinarioSets] ([IdDisponibilitaStraordinario], [Giorno1], [Giorno2], [Settimana]) VALUES (654, N'Lunedi', N'Giovedi', 32)
INSERT INTO [dbo].[DisponibilitaStraordinarioSets] ([IdDisponibilitaStraordinario], [Giorno1], [Giorno2], [Settimana]) VALUES (655, N'Lunedi', N'Venerdi', 32)
INSERT INTO [dbo].[DisponibilitaStraordinarioSets] ([IdDisponibilitaStraordinario], [Giorno1], [Giorno2], [Settimana]) VALUES (656, N'Lunedi', N'Sabato', 32)
INSERT INTO [dbo].[DisponibilitaStraordinarioSets] ([IdDisponibilitaStraordinario], [Giorno1], [Giorno2], [Settimana]) VALUES (657, N'Lunedi', N'Domenica', 32)
INSERT INTO [dbo].[DisponibilitaStraordinarioSets] ([IdDisponibilitaStraordinario], [Giorno1], [Giorno2], [Settimana]) VALUES (658, N'Martedi', N'Mercoledi', 32)
INSERT INTO [dbo].[DisponibilitaStraordinarioSets] ([IdDisponibilitaStraordinario], [Giorno1], [Giorno2], [Settimana]) VALUES (659, N'Martedi', N'Giovedi', 32)
INSERT INTO [dbo].[DisponibilitaStraordinarioSets] ([IdDisponibilitaStraordinario], [Giorno1], [Giorno2], [Settimana]) VALUES (660, N'Martedi', N'Venerdi', 32)
INSERT INTO [dbo].[DisponibilitaStraordinarioSets] ([IdDisponibilitaStraordinario], [Giorno1], [Giorno2], [Settimana]) VALUES (661, N'Martedi', N'Sabato', 32)
INSERT INTO [dbo].[DisponibilitaStraordinarioSets] ([IdDisponibilitaStraordinario], [Giorno1], [Giorno2], [Settimana]) VALUES (662, N'Martedi', N'Domenica', 32)
INSERT INTO [dbo].[DisponibilitaStraordinarioSets] ([IdDisponibilitaStraordinario], [Giorno1], [Giorno2], [Settimana]) VALUES (663, N'Mercoledi', N'Giovedi', 32)
INSERT INTO [dbo].[DisponibilitaStraordinarioSets] ([IdDisponibilitaStraordinario], [Giorno1], [Giorno2], [Settimana]) VALUES (664, N'Mercoledi', N'Venerdi', 32)
INSERT INTO [dbo].[DisponibilitaStraordinarioSets] ([IdDisponibilitaStraordinario], [Giorno1], [Giorno2], [Settimana]) VALUES (665, N'Mercoledi', N'Sabato', 32)
INSERT INTO [dbo].[DisponibilitaStraordinarioSets] ([IdDisponibilitaStraordinario], [Giorno1], [Giorno2], [Settimana]) VALUES (666, N'Mercoledi', N'Domenica', 32)
INSERT INTO [dbo].[DisponibilitaStraordinarioSets] ([IdDisponibilitaStraordinario], [Giorno1], [Giorno2], [Settimana]) VALUES (667, N'Giovedi', N'Venerdi', 32)
INSERT INTO [dbo].[DisponibilitaStraordinarioSets] ([IdDisponibilitaStraordinario], [Giorno1], [Giorno2], [Settimana]) VALUES (668, N'Giovedi', N'Sabato', 32)
INSERT INTO [dbo].[DisponibilitaStraordinarioSets] ([IdDisponibilitaStraordinario], [Giorno1], [Giorno2], [Settimana]) VALUES (669, N'Giovedi', N'Domenica', 32)
INSERT INTO [dbo].[DisponibilitaStraordinarioSets] ([IdDisponibilitaStraordinario], [Giorno1], [Giorno2], [Settimana]) VALUES (670, N'Venerdi', N'Sabato', 32)
INSERT INTO [dbo].[DisponibilitaStraordinarioSets] ([IdDisponibilitaStraordinario], [Giorno1], [Giorno2], [Settimana]) VALUES (671, N'Venerdi', N'Domenica', 32)
INSERT INTO [dbo].[DisponibilitaStraordinarioSets] ([IdDisponibilitaStraordinario], [Giorno1], [Giorno2], [Settimana]) VALUES (672, N'Sabato', N'Domenica', 32)
INSERT INTO [dbo].[DisponibilitaStraordinarioSets] ([IdDisponibilitaStraordinario], [Giorno1], [Giorno2], [Settimana]) VALUES (673, N'Lunedi', N'Martedi', 33)
INSERT INTO [dbo].[DisponibilitaStraordinarioSets] ([IdDisponibilitaStraordinario], [Giorno1], [Giorno2], [Settimana]) VALUES (674, N'Lunedi', N'Mercoledi', 33)
INSERT INTO [dbo].[DisponibilitaStraordinarioSets] ([IdDisponibilitaStraordinario], [Giorno1], [Giorno2], [Settimana]) VALUES (675, N'Lunedi', N'Giovedi', 33)
INSERT INTO [dbo].[DisponibilitaStraordinarioSets] ([IdDisponibilitaStraordinario], [Giorno1], [Giorno2], [Settimana]) VALUES (676, N'Lunedi', N'Venerdi', 33)
INSERT INTO [dbo].[DisponibilitaStraordinarioSets] ([IdDisponibilitaStraordinario], [Giorno1], [Giorno2], [Settimana]) VALUES (677, N'Lunedi', N'Sabato', 33)
INSERT INTO [dbo].[DisponibilitaStraordinarioSets] ([IdDisponibilitaStraordinario], [Giorno1], [Giorno2], [Settimana]) VALUES (678, N'Lunedi', N'Domenica', 33)
INSERT INTO [dbo].[DisponibilitaStraordinarioSets] ([IdDisponibilitaStraordinario], [Giorno1], [Giorno2], [Settimana]) VALUES (679, N'Martedi', N'Mercoledi', 33)
INSERT INTO [dbo].[DisponibilitaStraordinarioSets] ([IdDisponibilitaStraordinario], [Giorno1], [Giorno2], [Settimana]) VALUES (680, N'Martedi', N'Giovedi', 33)
INSERT INTO [dbo].[DisponibilitaStraordinarioSets] ([IdDisponibilitaStraordinario], [Giorno1], [Giorno2], [Settimana]) VALUES (681, N'Martedi', N'Venerdi', 33)
INSERT INTO [dbo].[DisponibilitaStraordinarioSets] ([IdDisponibilitaStraordinario], [Giorno1], [Giorno2], [Settimana]) VALUES (682, N'Martedi', N'Sabato', 33)
INSERT INTO [dbo].[DisponibilitaStraordinarioSets] ([IdDisponibilitaStraordinario], [Giorno1], [Giorno2], [Settimana]) VALUES (683, N'Martedi', N'Domenica', 33)
INSERT INTO [dbo].[DisponibilitaStraordinarioSets] ([IdDisponibilitaStraordinario], [Giorno1], [Giorno2], [Settimana]) VALUES (684, N'Mercoledi', N'Giovedi', 33)
INSERT INTO [dbo].[DisponibilitaStraordinarioSets] ([IdDisponibilitaStraordinario], [Giorno1], [Giorno2], [Settimana]) VALUES (685, N'Mercoledi', N'Venerdi', 33)
INSERT INTO [dbo].[DisponibilitaStraordinarioSets] ([IdDisponibilitaStraordinario], [Giorno1], [Giorno2], [Settimana]) VALUES (686, N'Mercoledi', N'Sabato', 33)
INSERT INTO [dbo].[DisponibilitaStraordinarioSets] ([IdDisponibilitaStraordinario], [Giorno1], [Giorno2], [Settimana]) VALUES (687, N'Mercoledi', N'Domenica', 33)
INSERT INTO [dbo].[DisponibilitaStraordinarioSets] ([IdDisponibilitaStraordinario], [Giorno1], [Giorno2], [Settimana]) VALUES (688, N'Giovedi', N'Venerdi', 33)
INSERT INTO [dbo].[DisponibilitaStraordinarioSets] ([IdDisponibilitaStraordinario], [Giorno1], [Giorno2], [Settimana]) VALUES (689, N'Giovedi', N'Sabato', 33)
INSERT INTO [dbo].[DisponibilitaStraordinarioSets] ([IdDisponibilitaStraordinario], [Giorno1], [Giorno2], [Settimana]) VALUES (690, N'Giovedi', N'Domenica', 33)
INSERT INTO [dbo].[DisponibilitaStraordinarioSets] ([IdDisponibilitaStraordinario], [Giorno1], [Giorno2], [Settimana]) VALUES (691, N'Venerdi', N'Sabato', 33)
INSERT INTO [dbo].[DisponibilitaStraordinarioSets] ([IdDisponibilitaStraordinario], [Giorno1], [Giorno2], [Settimana]) VALUES (692, N'Venerdi', N'Domenica', 33)
INSERT INTO [dbo].[DisponibilitaStraordinarioSets] ([IdDisponibilitaStraordinario], [Giorno1], [Giorno2], [Settimana]) VALUES (693, N'Sabato', N'Domenica', 33)
INSERT INTO [dbo].[DisponibilitaStraordinarioSets] ([IdDisponibilitaStraordinario], [Giorno1], [Giorno2], [Settimana]) VALUES (694, N'Lunedi', N'Martedi', 34)
INSERT INTO [dbo].[DisponibilitaStraordinarioSets] ([IdDisponibilitaStraordinario], [Giorno1], [Giorno2], [Settimana]) VALUES (695, N'Lunedi', N'Mercoledi', 34)
INSERT INTO [dbo].[DisponibilitaStraordinarioSets] ([IdDisponibilitaStraordinario], [Giorno1], [Giorno2], [Settimana]) VALUES (696, N'Lunedi', N'Giovedi', 34)
INSERT INTO [dbo].[DisponibilitaStraordinarioSets] ([IdDisponibilitaStraordinario], [Giorno1], [Giorno2], [Settimana]) VALUES (697, N'Lunedi', N'Venerdi', 34)
INSERT INTO [dbo].[DisponibilitaStraordinarioSets] ([IdDisponibilitaStraordinario], [Giorno1], [Giorno2], [Settimana]) VALUES (698, N'Lunedi', N'Sabato', 34)
INSERT INTO [dbo].[DisponibilitaStraordinarioSets] ([IdDisponibilitaStraordinario], [Giorno1], [Giorno2], [Settimana]) VALUES (699, N'Lunedi', N'Domenica', 34)
INSERT INTO [dbo].[DisponibilitaStraordinarioSets] ([IdDisponibilitaStraordinario], [Giorno1], [Giorno2], [Settimana]) VALUES (700, N'Martedi', N'Mercoledi', 34)
INSERT INTO [dbo].[DisponibilitaStraordinarioSets] ([IdDisponibilitaStraordinario], [Giorno1], [Giorno2], [Settimana]) VALUES (701, N'Martedi', N'Giovedi', 34)
INSERT INTO [dbo].[DisponibilitaStraordinarioSets] ([IdDisponibilitaStraordinario], [Giorno1], [Giorno2], [Settimana]) VALUES (702, N'Martedi', N'Venerdi', 34)
INSERT INTO [dbo].[DisponibilitaStraordinarioSets] ([IdDisponibilitaStraordinario], [Giorno1], [Giorno2], [Settimana]) VALUES (703, N'Martedi', N'Sabato', 34)
INSERT INTO [dbo].[DisponibilitaStraordinarioSets] ([IdDisponibilitaStraordinario], [Giorno1], [Giorno2], [Settimana]) VALUES (704, N'Martedi', N'Domenica', 34)
INSERT INTO [dbo].[DisponibilitaStraordinarioSets] ([IdDisponibilitaStraordinario], [Giorno1], [Giorno2], [Settimana]) VALUES (705, N'Mercoledi', N'Giovedi', 34)
INSERT INTO [dbo].[DisponibilitaStraordinarioSets] ([IdDisponibilitaStraordinario], [Giorno1], [Giorno2], [Settimana]) VALUES (706, N'Mercoledi', N'Venerdi', 34)
INSERT INTO [dbo].[DisponibilitaStraordinarioSets] ([IdDisponibilitaStraordinario], [Giorno1], [Giorno2], [Settimana]) VALUES (707, N'Mercoledi', N'Sabato', 34)
INSERT INTO [dbo].[DisponibilitaStraordinarioSets] ([IdDisponibilitaStraordinario], [Giorno1], [Giorno2], [Settimana]) VALUES (708, N'Mercoledi', N'Domenica', 34)
INSERT INTO [dbo].[DisponibilitaStraordinarioSets] ([IdDisponibilitaStraordinario], [Giorno1], [Giorno2], [Settimana]) VALUES (709, N'Giovedi', N'Venerdi', 34)
INSERT INTO [dbo].[DisponibilitaStraordinarioSets] ([IdDisponibilitaStraordinario], [Giorno1], [Giorno2], [Settimana]) VALUES (710, N'Giovedi', N'Sabato', 34)
INSERT INTO [dbo].[DisponibilitaStraordinarioSets] ([IdDisponibilitaStraordinario], [Giorno1], [Giorno2], [Settimana]) VALUES (711, N'Giovedi', N'Domenica', 34)
INSERT INTO [dbo].[DisponibilitaStraordinarioSets] ([IdDisponibilitaStraordinario], [Giorno1], [Giorno2], [Settimana]) VALUES (712, N'Venerdi', N'Sabato', 34)
INSERT INTO [dbo].[DisponibilitaStraordinarioSets] ([IdDisponibilitaStraordinario], [Giorno1], [Giorno2], [Settimana]) VALUES (713, N'Venerdi', N'Domenica', 34)
INSERT INTO [dbo].[DisponibilitaStraordinarioSets] ([IdDisponibilitaStraordinario], [Giorno1], [Giorno2], [Settimana]) VALUES (714, N'Sabato', N'Domenica', 34)
INSERT INTO [dbo].[DisponibilitaStraordinarioSets] ([IdDisponibilitaStraordinario], [Giorno1], [Giorno2], [Settimana]) VALUES (715, N'Lunedi', N'Martedi', 35)
INSERT INTO [dbo].[DisponibilitaStraordinarioSets] ([IdDisponibilitaStraordinario], [Giorno1], [Giorno2], [Settimana]) VALUES (716, N'Lunedi', N'Mercoledi', 35)
INSERT INTO [dbo].[DisponibilitaStraordinarioSets] ([IdDisponibilitaStraordinario], [Giorno1], [Giorno2], [Settimana]) VALUES (717, N'Lunedi', N'Giovedi', 35)
INSERT INTO [dbo].[DisponibilitaStraordinarioSets] ([IdDisponibilitaStraordinario], [Giorno1], [Giorno2], [Settimana]) VALUES (718, N'Lunedi', N'Venerdi', 35)
INSERT INTO [dbo].[DisponibilitaStraordinarioSets] ([IdDisponibilitaStraordinario], [Giorno1], [Giorno2], [Settimana]) VALUES (719, N'Lunedi', N'Sabato', 35)
INSERT INTO [dbo].[DisponibilitaStraordinarioSets] ([IdDisponibilitaStraordinario], [Giorno1], [Giorno2], [Settimana]) VALUES (720, N'Lunedi', N'Domenica', 35)
INSERT INTO [dbo].[DisponibilitaStraordinarioSets] ([IdDisponibilitaStraordinario], [Giorno1], [Giorno2], [Settimana]) VALUES (721, N'Martedi', N'Mercoledi', 35)
INSERT INTO [dbo].[DisponibilitaStraordinarioSets] ([IdDisponibilitaStraordinario], [Giorno1], [Giorno2], [Settimana]) VALUES (722, N'Martedi', N'Giovedi', 35)
INSERT INTO [dbo].[DisponibilitaStraordinarioSets] ([IdDisponibilitaStraordinario], [Giorno1], [Giorno2], [Settimana]) VALUES (723, N'Martedi', N'Venerdi', 35)
INSERT INTO [dbo].[DisponibilitaStraordinarioSets] ([IdDisponibilitaStraordinario], [Giorno1], [Giorno2], [Settimana]) VALUES (724, N'Martedi', N'Sabato', 35)
INSERT INTO [dbo].[DisponibilitaStraordinarioSets] ([IdDisponibilitaStraordinario], [Giorno1], [Giorno2], [Settimana]) VALUES (725, N'Martedi', N'Domenica', 35)
INSERT INTO [dbo].[DisponibilitaStraordinarioSets] ([IdDisponibilitaStraordinario], [Giorno1], [Giorno2], [Settimana]) VALUES (726, N'Mercoledi', N'Giovedi', 35)
INSERT INTO [dbo].[DisponibilitaStraordinarioSets] ([IdDisponibilitaStraordinario], [Giorno1], [Giorno2], [Settimana]) VALUES (727, N'Mercoledi', N'Venerdi', 35)
INSERT INTO [dbo].[DisponibilitaStraordinarioSets] ([IdDisponibilitaStraordinario], [Giorno1], [Giorno2], [Settimana]) VALUES (728, N'Mercoledi', N'Sabato', 35)
INSERT INTO [dbo].[DisponibilitaStraordinarioSets] ([IdDisponibilitaStraordinario], [Giorno1], [Giorno2], [Settimana]) VALUES (729, N'Mercoledi', N'Domenica', 35)
INSERT INTO [dbo].[DisponibilitaStraordinarioSets] ([IdDisponibilitaStraordinario], [Giorno1], [Giorno2], [Settimana]) VALUES (730, N'Giovedi', N'Venerdi', 35)
INSERT INTO [dbo].[DisponibilitaStraordinarioSets] ([IdDisponibilitaStraordinario], [Giorno1], [Giorno2], [Settimana]) VALUES (731, N'Giovedi', N'Sabato', 35)
INSERT INTO [dbo].[DisponibilitaStraordinarioSets] ([IdDisponibilitaStraordinario], [Giorno1], [Giorno2], [Settimana]) VALUES (732, N'Giovedi', N'Domenica', 35)
INSERT INTO [dbo].[DisponibilitaStraordinarioSets] ([IdDisponibilitaStraordinario], [Giorno1], [Giorno2], [Settimana]) VALUES (733, N'Venerdi', N'Sabato', 35)
INSERT INTO [dbo].[DisponibilitaStraordinarioSets] ([IdDisponibilitaStraordinario], [Giorno1], [Giorno2], [Settimana]) VALUES (734, N'Venerdi', N'Domenica', 35)
INSERT INTO [dbo].[DisponibilitaStraordinarioSets] ([IdDisponibilitaStraordinario], [Giorno1], [Giorno2], [Settimana]) VALUES (735, N'Sabato', N'Domenica', 35)
INSERT INTO [dbo].[DisponibilitaStraordinarioSets] ([IdDisponibilitaStraordinario], [Giorno1], [Giorno2], [Settimana]) VALUES (736, N'Lunedi', N'Martedi', 36)
INSERT INTO [dbo].[DisponibilitaStraordinarioSets] ([IdDisponibilitaStraordinario], [Giorno1], [Giorno2], [Settimana]) VALUES (737, N'Lunedi', N'Mercoledi', 36)
INSERT INTO [dbo].[DisponibilitaStraordinarioSets] ([IdDisponibilitaStraordinario], [Giorno1], [Giorno2], [Settimana]) VALUES (738, N'Lunedi', N'Giovedi', 36)
INSERT INTO [dbo].[DisponibilitaStraordinarioSets] ([IdDisponibilitaStraordinario], [Giorno1], [Giorno2], [Settimana]) VALUES (739, N'Lunedi', N'Venerdi', 36)
INSERT INTO [dbo].[DisponibilitaStraordinarioSets] ([IdDisponibilitaStraordinario], [Giorno1], [Giorno2], [Settimana]) VALUES (740, N'Lunedi', N'Sabato', 36)
INSERT INTO [dbo].[DisponibilitaStraordinarioSets] ([IdDisponibilitaStraordinario], [Giorno1], [Giorno2], [Settimana]) VALUES (741, N'Lunedi', N'Domenica', 36)
INSERT INTO [dbo].[DisponibilitaStraordinarioSets] ([IdDisponibilitaStraordinario], [Giorno1], [Giorno2], [Settimana]) VALUES (742, N'Martedi', N'Mercoledi', 36)
INSERT INTO [dbo].[DisponibilitaStraordinarioSets] ([IdDisponibilitaStraordinario], [Giorno1], [Giorno2], [Settimana]) VALUES (743, N'Martedi', N'Giovedi', 36)
INSERT INTO [dbo].[DisponibilitaStraordinarioSets] ([IdDisponibilitaStraordinario], [Giorno1], [Giorno2], [Settimana]) VALUES (744, N'Martedi', N'Venerdi', 36)
INSERT INTO [dbo].[DisponibilitaStraordinarioSets] ([IdDisponibilitaStraordinario], [Giorno1], [Giorno2], [Settimana]) VALUES (745, N'Martedi', N'Sabato', 36)
INSERT INTO [dbo].[DisponibilitaStraordinarioSets] ([IdDisponibilitaStraordinario], [Giorno1], [Giorno2], [Settimana]) VALUES (746, N'Martedi', N'Domenica', 36)
INSERT INTO [dbo].[DisponibilitaStraordinarioSets] ([IdDisponibilitaStraordinario], [Giorno1], [Giorno2], [Settimana]) VALUES (747, N'Mercoledi', N'Giovedi', 36)
INSERT INTO [dbo].[DisponibilitaStraordinarioSets] ([IdDisponibilitaStraordinario], [Giorno1], [Giorno2], [Settimana]) VALUES (748, N'Mercoledi', N'Venerdi', 36)
INSERT INTO [dbo].[DisponibilitaStraordinarioSets] ([IdDisponibilitaStraordinario], [Giorno1], [Giorno2], [Settimana]) VALUES (749, N'Mercoledi', N'Sabato', 36)
INSERT INTO [dbo].[DisponibilitaStraordinarioSets] ([IdDisponibilitaStraordinario], [Giorno1], [Giorno2], [Settimana]) VALUES (750, N'Mercoledi', N'Domenica', 36)
INSERT INTO [dbo].[DisponibilitaStraordinarioSets] ([IdDisponibilitaStraordinario], [Giorno1], [Giorno2], [Settimana]) VALUES (751, N'Giovedi', N'Venerdi', 36)
INSERT INTO [dbo].[DisponibilitaStraordinarioSets] ([IdDisponibilitaStraordinario], [Giorno1], [Giorno2], [Settimana]) VALUES (752, N'Giovedi', N'Sabato', 36)
INSERT INTO [dbo].[DisponibilitaStraordinarioSets] ([IdDisponibilitaStraordinario], [Giorno1], [Giorno2], [Settimana]) VALUES (753, N'Giovedi', N'Domenica', 36)
INSERT INTO [dbo].[DisponibilitaStraordinarioSets] ([IdDisponibilitaStraordinario], [Giorno1], [Giorno2], [Settimana]) VALUES (754, N'Venerdi', N'Sabato', 36)
INSERT INTO [dbo].[DisponibilitaStraordinarioSets] ([IdDisponibilitaStraordinario], [Giorno1], [Giorno2], [Settimana]) VALUES (755, N'Venerdi', N'Domenica', 36)
INSERT INTO [dbo].[DisponibilitaStraordinarioSets] ([IdDisponibilitaStraordinario], [Giorno1], [Giorno2], [Settimana]) VALUES (756, N'Sabato', N'Domenica', 36)
INSERT INTO [dbo].[DisponibilitaStraordinarioSets] ([IdDisponibilitaStraordinario], [Giorno1], [Giorno2], [Settimana]) VALUES (757, N'Lunedi', N'Martedi', 37)
INSERT INTO [dbo].[DisponibilitaStraordinarioSets] ([IdDisponibilitaStraordinario], [Giorno1], [Giorno2], [Settimana]) VALUES (758, N'Lunedi', N'Mercoledi', 37)
INSERT INTO [dbo].[DisponibilitaStraordinarioSets] ([IdDisponibilitaStraordinario], [Giorno1], [Giorno2], [Settimana]) VALUES (759, N'Lunedi', N'Giovedi', 37)
INSERT INTO [dbo].[DisponibilitaStraordinarioSets] ([IdDisponibilitaStraordinario], [Giorno1], [Giorno2], [Settimana]) VALUES (760, N'Lunedi', N'Venerdi', 37)
INSERT INTO [dbo].[DisponibilitaStraordinarioSets] ([IdDisponibilitaStraordinario], [Giorno1], [Giorno2], [Settimana]) VALUES (761, N'Lunedi', N'Sabato', 37)
INSERT INTO [dbo].[DisponibilitaStraordinarioSets] ([IdDisponibilitaStraordinario], [Giorno1], [Giorno2], [Settimana]) VALUES (762, N'Lunedi', N'Domenica', 37)
INSERT INTO [dbo].[DisponibilitaStraordinarioSets] ([IdDisponibilitaStraordinario], [Giorno1], [Giorno2], [Settimana]) VALUES (763, N'Martedi', N'Mercoledi', 37)
INSERT INTO [dbo].[DisponibilitaStraordinarioSets] ([IdDisponibilitaStraordinario], [Giorno1], [Giorno2], [Settimana]) VALUES (764, N'Martedi', N'Giovedi', 37)
INSERT INTO [dbo].[DisponibilitaStraordinarioSets] ([IdDisponibilitaStraordinario], [Giorno1], [Giorno2], [Settimana]) VALUES (765, N'Martedi', N'Venerdi', 37)
INSERT INTO [dbo].[DisponibilitaStraordinarioSets] ([IdDisponibilitaStraordinario], [Giorno1], [Giorno2], [Settimana]) VALUES (766, N'Martedi', N'Sabato', 37)
INSERT INTO [dbo].[DisponibilitaStraordinarioSets] ([IdDisponibilitaStraordinario], [Giorno1], [Giorno2], [Settimana]) VALUES (767, N'Martedi', N'Domenica', 37)
INSERT INTO [dbo].[DisponibilitaStraordinarioSets] ([IdDisponibilitaStraordinario], [Giorno1], [Giorno2], [Settimana]) VALUES (768, N'Mercoledi', N'Giovedi', 37)
INSERT INTO [dbo].[DisponibilitaStraordinarioSets] ([IdDisponibilitaStraordinario], [Giorno1], [Giorno2], [Settimana]) VALUES (769, N'Mercoledi', N'Venerdi', 37)
INSERT INTO [dbo].[DisponibilitaStraordinarioSets] ([IdDisponibilitaStraordinario], [Giorno1], [Giorno2], [Settimana]) VALUES (770, N'Mercoledi', N'Sabato', 37)
INSERT INTO [dbo].[DisponibilitaStraordinarioSets] ([IdDisponibilitaStraordinario], [Giorno1], [Giorno2], [Settimana]) VALUES (771, N'Mercoledi', N'Domenica', 37)
INSERT INTO [dbo].[DisponibilitaStraordinarioSets] ([IdDisponibilitaStraordinario], [Giorno1], [Giorno2], [Settimana]) VALUES (772, N'Giovedi', N'Venerdi', 37)
INSERT INTO [dbo].[DisponibilitaStraordinarioSets] ([IdDisponibilitaStraordinario], [Giorno1], [Giorno2], [Settimana]) VALUES (773, N'Giovedi', N'Sabato', 37)
INSERT INTO [dbo].[DisponibilitaStraordinarioSets] ([IdDisponibilitaStraordinario], [Giorno1], [Giorno2], [Settimana]) VALUES (774, N'Giovedi', N'Domenica', 37)
INSERT INTO [dbo].[DisponibilitaStraordinarioSets] ([IdDisponibilitaStraordinario], [Giorno1], [Giorno2], [Settimana]) VALUES (775, N'Venerdi', N'Sabato', 37)
INSERT INTO [dbo].[DisponibilitaStraordinarioSets] ([IdDisponibilitaStraordinario], [Giorno1], [Giorno2], [Settimana]) VALUES (776, N'Venerdi', N'Domenica', 37)
INSERT INTO [dbo].[DisponibilitaStraordinarioSets] ([IdDisponibilitaStraordinario], [Giorno1], [Giorno2], [Settimana]) VALUES (777, N'Sabato', N'Domenica', 37)
INSERT INTO [dbo].[DisponibilitaStraordinarioSets] ([IdDisponibilitaStraordinario], [Giorno1], [Giorno2], [Settimana]) VALUES (778, N'Lunedi', N'Martedi', 38)
INSERT INTO [dbo].[DisponibilitaStraordinarioSets] ([IdDisponibilitaStraordinario], [Giorno1], [Giorno2], [Settimana]) VALUES (779, N'Lunedi', N'Mercoledi', 38)
INSERT INTO [dbo].[DisponibilitaStraordinarioSets] ([IdDisponibilitaStraordinario], [Giorno1], [Giorno2], [Settimana]) VALUES (780, N'Lunedi', N'Giovedi', 38)
INSERT INTO [dbo].[DisponibilitaStraordinarioSets] ([IdDisponibilitaStraordinario], [Giorno1], [Giorno2], [Settimana]) VALUES (781, N'Lunedi', N'Venerdi', 38)
INSERT INTO [dbo].[DisponibilitaStraordinarioSets] ([IdDisponibilitaStraordinario], [Giorno1], [Giorno2], [Settimana]) VALUES (782, N'Lunedi', N'Sabato', 38)
INSERT INTO [dbo].[DisponibilitaStraordinarioSets] ([IdDisponibilitaStraordinario], [Giorno1], [Giorno2], [Settimana]) VALUES (783, N'Lunedi', N'Domenica', 38)
INSERT INTO [dbo].[DisponibilitaStraordinarioSets] ([IdDisponibilitaStraordinario], [Giorno1], [Giorno2], [Settimana]) VALUES (784, N'Martedi', N'Mercoledi', 38)
INSERT INTO [dbo].[DisponibilitaStraordinarioSets] ([IdDisponibilitaStraordinario], [Giorno1], [Giorno2], [Settimana]) VALUES (785, N'Martedi', N'Giovedi', 38)
INSERT INTO [dbo].[DisponibilitaStraordinarioSets] ([IdDisponibilitaStraordinario], [Giorno1], [Giorno2], [Settimana]) VALUES (786, N'Martedi', N'Venerdi', 38)
INSERT INTO [dbo].[DisponibilitaStraordinarioSets] ([IdDisponibilitaStraordinario], [Giorno1], [Giorno2], [Settimana]) VALUES (787, N'Martedi', N'Sabato', 38)
INSERT INTO [dbo].[DisponibilitaStraordinarioSets] ([IdDisponibilitaStraordinario], [Giorno1], [Giorno2], [Settimana]) VALUES (788, N'Martedi', N'Domenica', 38)
INSERT INTO [dbo].[DisponibilitaStraordinarioSets] ([IdDisponibilitaStraordinario], [Giorno1], [Giorno2], [Settimana]) VALUES (789, N'Mercoledi', N'Giovedi', 38)
INSERT INTO [dbo].[DisponibilitaStraordinarioSets] ([IdDisponibilitaStraordinario], [Giorno1], [Giorno2], [Settimana]) VALUES (790, N'Mercoledi', N'Venerdi', 38)
INSERT INTO [dbo].[DisponibilitaStraordinarioSets] ([IdDisponibilitaStraordinario], [Giorno1], [Giorno2], [Settimana]) VALUES (791, N'Mercoledi', N'Sabato', 38)
INSERT INTO [dbo].[DisponibilitaStraordinarioSets] ([IdDisponibilitaStraordinario], [Giorno1], [Giorno2], [Settimana]) VALUES (792, N'Mercoledi', N'Domenica', 38)
INSERT INTO [dbo].[DisponibilitaStraordinarioSets] ([IdDisponibilitaStraordinario], [Giorno1], [Giorno2], [Settimana]) VALUES (793, N'Giovedi', N'Venerdi', 38)
INSERT INTO [dbo].[DisponibilitaStraordinarioSets] ([IdDisponibilitaStraordinario], [Giorno1], [Giorno2], [Settimana]) VALUES (794, N'Giovedi', N'Sabato', 38)
INSERT INTO [dbo].[DisponibilitaStraordinarioSets] ([IdDisponibilitaStraordinario], [Giorno1], [Giorno2], [Settimana]) VALUES (795, N'Giovedi', N'Domenica', 38)
INSERT INTO [dbo].[DisponibilitaStraordinarioSets] ([IdDisponibilitaStraordinario], [Giorno1], [Giorno2], [Settimana]) VALUES (796, N'Venerdi', N'Sabato', 38)
INSERT INTO [dbo].[DisponibilitaStraordinarioSets] ([IdDisponibilitaStraordinario], [Giorno1], [Giorno2], [Settimana]) VALUES (797, N'Venerdi', N'Domenica', 38)
INSERT INTO [dbo].[DisponibilitaStraordinarioSets] ([IdDisponibilitaStraordinario], [Giorno1], [Giorno2], [Settimana]) VALUES (798, N'Sabato', N'Domenica', 38)
INSERT INTO [dbo].[DisponibilitaStraordinarioSets] ([IdDisponibilitaStraordinario], [Giorno1], [Giorno2], [Settimana]) VALUES (799, N'Lunedi', N'Martedi', 39)
INSERT INTO [dbo].[DisponibilitaStraordinarioSets] ([IdDisponibilitaStraordinario], [Giorno1], [Giorno2], [Settimana]) VALUES (800, N'Lunedi', N'Mercoledi', 39)
INSERT INTO [dbo].[DisponibilitaStraordinarioSets] ([IdDisponibilitaStraordinario], [Giorno1], [Giorno2], [Settimana]) VALUES (801, N'Lunedi', N'Giovedi', 39)
INSERT INTO [dbo].[DisponibilitaStraordinarioSets] ([IdDisponibilitaStraordinario], [Giorno1], [Giorno2], [Settimana]) VALUES (802, N'Lunedi', N'Venerdi', 39)
INSERT INTO [dbo].[DisponibilitaStraordinarioSets] ([IdDisponibilitaStraordinario], [Giorno1], [Giorno2], [Settimana]) VALUES (803, N'Lunedi', N'Sabato', 39)
INSERT INTO [dbo].[DisponibilitaStraordinarioSets] ([IdDisponibilitaStraordinario], [Giorno1], [Giorno2], [Settimana]) VALUES (804, N'Lunedi', N'Domenica', 39)
INSERT INTO [dbo].[DisponibilitaStraordinarioSets] ([IdDisponibilitaStraordinario], [Giorno1], [Giorno2], [Settimana]) VALUES (805, N'Martedi', N'Mercoledi', 39)
INSERT INTO [dbo].[DisponibilitaStraordinarioSets] ([IdDisponibilitaStraordinario], [Giorno1], [Giorno2], [Settimana]) VALUES (806, N'Martedi', N'Giovedi', 39)
INSERT INTO [dbo].[DisponibilitaStraordinarioSets] ([IdDisponibilitaStraordinario], [Giorno1], [Giorno2], [Settimana]) VALUES (807, N'Martedi', N'Venerdi', 39)
INSERT INTO [dbo].[DisponibilitaStraordinarioSets] ([IdDisponibilitaStraordinario], [Giorno1], [Giorno2], [Settimana]) VALUES (808, N'Martedi', N'Sabato', 39)
INSERT INTO [dbo].[DisponibilitaStraordinarioSets] ([IdDisponibilitaStraordinario], [Giorno1], [Giorno2], [Settimana]) VALUES (809, N'Martedi', N'Domenica', 39)
INSERT INTO [dbo].[DisponibilitaStraordinarioSets] ([IdDisponibilitaStraordinario], [Giorno1], [Giorno2], [Settimana]) VALUES (810, N'Mercoledi', N'Giovedi', 39)
INSERT INTO [dbo].[DisponibilitaStraordinarioSets] ([IdDisponibilitaStraordinario], [Giorno1], [Giorno2], [Settimana]) VALUES (811, N'Mercoledi', N'Venerdi', 39)
INSERT INTO [dbo].[DisponibilitaStraordinarioSets] ([IdDisponibilitaStraordinario], [Giorno1], [Giorno2], [Settimana]) VALUES (812, N'Mercoledi', N'Sabato', 39)
INSERT INTO [dbo].[DisponibilitaStraordinarioSets] ([IdDisponibilitaStraordinario], [Giorno1], [Giorno2], [Settimana]) VALUES (813, N'Mercoledi', N'Domenica', 39)
INSERT INTO [dbo].[DisponibilitaStraordinarioSets] ([IdDisponibilitaStraordinario], [Giorno1], [Giorno2], [Settimana]) VALUES (814, N'Giovedi', N'Venerdi', 39)
INSERT INTO [dbo].[DisponibilitaStraordinarioSets] ([IdDisponibilitaStraordinario], [Giorno1], [Giorno2], [Settimana]) VALUES (815, N'Giovedi', N'Sabato', 39)
INSERT INTO [dbo].[DisponibilitaStraordinarioSets] ([IdDisponibilitaStraordinario], [Giorno1], [Giorno2], [Settimana]) VALUES (816, N'Giovedi', N'Domenica', 39)
INSERT INTO [dbo].[DisponibilitaStraordinarioSets] ([IdDisponibilitaStraordinario], [Giorno1], [Giorno2], [Settimana]) VALUES (817, N'Venerdi', N'Sabato', 39)
INSERT INTO [dbo].[DisponibilitaStraordinarioSets] ([IdDisponibilitaStraordinario], [Giorno1], [Giorno2], [Settimana]) VALUES (818, N'Venerdi', N'Domenica', 39)
INSERT INTO [dbo].[DisponibilitaStraordinarioSets] ([IdDisponibilitaStraordinario], [Giorno1], [Giorno2], [Settimana]) VALUES (819, N'Sabato', N'Domenica', 39)
INSERT INTO [dbo].[DisponibilitaStraordinarioSets] ([IdDisponibilitaStraordinario], [Giorno1], [Giorno2], [Settimana]) VALUES (820, N'Lunedi', N'Martedi', 40)
INSERT INTO [dbo].[DisponibilitaStraordinarioSets] ([IdDisponibilitaStraordinario], [Giorno1], [Giorno2], [Settimana]) VALUES (821, N'Lunedi', N'Mercoledi', 40)
INSERT INTO [dbo].[DisponibilitaStraordinarioSets] ([IdDisponibilitaStraordinario], [Giorno1], [Giorno2], [Settimana]) VALUES (822, N'Lunedi', N'Giovedi', 40)
INSERT INTO [dbo].[DisponibilitaStraordinarioSets] ([IdDisponibilitaStraordinario], [Giorno1], [Giorno2], [Settimana]) VALUES (823, N'Lunedi', N'Venerdi', 40)
INSERT INTO [dbo].[DisponibilitaStraordinarioSets] ([IdDisponibilitaStraordinario], [Giorno1], [Giorno2], [Settimana]) VALUES (824, N'Lunedi', N'Sabato', 40)
INSERT INTO [dbo].[DisponibilitaStraordinarioSets] ([IdDisponibilitaStraordinario], [Giorno1], [Giorno2], [Settimana]) VALUES (825, N'Lunedi', N'Domenica', 40)
INSERT INTO [dbo].[DisponibilitaStraordinarioSets] ([IdDisponibilitaStraordinario], [Giorno1], [Giorno2], [Settimana]) VALUES (826, N'Martedi', N'Mercoledi', 40)
INSERT INTO [dbo].[DisponibilitaStraordinarioSets] ([IdDisponibilitaStraordinario], [Giorno1], [Giorno2], [Settimana]) VALUES (827, N'Martedi', N'Giovedi', 40)
INSERT INTO [dbo].[DisponibilitaStraordinarioSets] ([IdDisponibilitaStraordinario], [Giorno1], [Giorno2], [Settimana]) VALUES (828, N'Martedi', N'Venerdi', 40)
INSERT INTO [dbo].[DisponibilitaStraordinarioSets] ([IdDisponibilitaStraordinario], [Giorno1], [Giorno2], [Settimana]) VALUES (829, N'Martedi', N'Sabato', 40)
INSERT INTO [dbo].[DisponibilitaStraordinarioSets] ([IdDisponibilitaStraordinario], [Giorno1], [Giorno2], [Settimana]) VALUES (830, N'Martedi', N'Domenica', 40)
INSERT INTO [dbo].[DisponibilitaStraordinarioSets] ([IdDisponibilitaStraordinario], [Giorno1], [Giorno2], [Settimana]) VALUES (831, N'Mercoledi', N'Giovedi', 40)
INSERT INTO [dbo].[DisponibilitaStraordinarioSets] ([IdDisponibilitaStraordinario], [Giorno1], [Giorno2], [Settimana]) VALUES (832, N'Mercoledi', N'Venerdi', 40)
INSERT INTO [dbo].[DisponibilitaStraordinarioSets] ([IdDisponibilitaStraordinario], [Giorno1], [Giorno2], [Settimana]) VALUES (833, N'Mercoledi', N'Sabato', 40)
INSERT INTO [dbo].[DisponibilitaStraordinarioSets] ([IdDisponibilitaStraordinario], [Giorno1], [Giorno2], [Settimana]) VALUES (834, N'Mercoledi', N'Domenica', 40)
INSERT INTO [dbo].[DisponibilitaStraordinarioSets] ([IdDisponibilitaStraordinario], [Giorno1], [Giorno2], [Settimana]) VALUES (835, N'Giovedi', N'Venerdi', 40)
INSERT INTO [dbo].[DisponibilitaStraordinarioSets] ([IdDisponibilitaStraordinario], [Giorno1], [Giorno2], [Settimana]) VALUES (836, N'Giovedi', N'Sabato', 40)
INSERT INTO [dbo].[DisponibilitaStraordinarioSets] ([IdDisponibilitaStraordinario], [Giorno1], [Giorno2], [Settimana]) VALUES (837, N'Giovedi', N'Domenica', 40)
INSERT INTO [dbo].[DisponibilitaStraordinarioSets] ([IdDisponibilitaStraordinario], [Giorno1], [Giorno2], [Settimana]) VALUES (838, N'Venerdi', N'Sabato', 40)
INSERT INTO [dbo].[DisponibilitaStraordinarioSets] ([IdDisponibilitaStraordinario], [Giorno1], [Giorno2], [Settimana]) VALUES (839, N'Venerdi', N'Domenica', 40)
INSERT INTO [dbo].[DisponibilitaStraordinarioSets] ([IdDisponibilitaStraordinario], [Giorno1], [Giorno2], [Settimana]) VALUES (840, N'Sabato', N'Domenica', 40)
INSERT INTO [dbo].[DisponibilitaStraordinarioSets] ([IdDisponibilitaStraordinario], [Giorno1], [Giorno2], [Settimana]) VALUES (841, N'Lunedi', N'Martedi', 41)
INSERT INTO [dbo].[DisponibilitaStraordinarioSets] ([IdDisponibilitaStraordinario], [Giorno1], [Giorno2], [Settimana]) VALUES (842, N'Lunedi', N'Mercoledi', 41)
INSERT INTO [dbo].[DisponibilitaStraordinarioSets] ([IdDisponibilitaStraordinario], [Giorno1], [Giorno2], [Settimana]) VALUES (843, N'Lunedi', N'Giovedi', 41)
INSERT INTO [dbo].[DisponibilitaStraordinarioSets] ([IdDisponibilitaStraordinario], [Giorno1], [Giorno2], [Settimana]) VALUES (844, N'Lunedi', N'Venerdi', 41)
INSERT INTO [dbo].[DisponibilitaStraordinarioSets] ([IdDisponibilitaStraordinario], [Giorno1], [Giorno2], [Settimana]) VALUES (845, N'Lunedi', N'Sabato', 41)
INSERT INTO [dbo].[DisponibilitaStraordinarioSets] ([IdDisponibilitaStraordinario], [Giorno1], [Giorno2], [Settimana]) VALUES (846, N'Lunedi', N'Domenica', 41)
INSERT INTO [dbo].[DisponibilitaStraordinarioSets] ([IdDisponibilitaStraordinario], [Giorno1], [Giorno2], [Settimana]) VALUES (847, N'Martedi', N'Mercoledi', 41)
INSERT INTO [dbo].[DisponibilitaStraordinarioSets] ([IdDisponibilitaStraordinario], [Giorno1], [Giorno2], [Settimana]) VALUES (848, N'Martedi', N'Giovedi', 41)
INSERT INTO [dbo].[DisponibilitaStraordinarioSets] ([IdDisponibilitaStraordinario], [Giorno1], [Giorno2], [Settimana]) VALUES (849, N'Martedi', N'Venerdi', 41)
INSERT INTO [dbo].[DisponibilitaStraordinarioSets] ([IdDisponibilitaStraordinario], [Giorno1], [Giorno2], [Settimana]) VALUES (850, N'Martedi', N'Sabato', 41)
INSERT INTO [dbo].[DisponibilitaStraordinarioSets] ([IdDisponibilitaStraordinario], [Giorno1], [Giorno2], [Settimana]) VALUES (851, N'Martedi', N'Domenica', 41)
INSERT INTO [dbo].[DisponibilitaStraordinarioSets] ([IdDisponibilitaStraordinario], [Giorno1], [Giorno2], [Settimana]) VALUES (852, N'Mercoledi', N'Giovedi', 41)
INSERT INTO [dbo].[DisponibilitaStraordinarioSets] ([IdDisponibilitaStraordinario], [Giorno1], [Giorno2], [Settimana]) VALUES (853, N'Mercoledi', N'Venerdi', 41)
INSERT INTO [dbo].[DisponibilitaStraordinarioSets] ([IdDisponibilitaStraordinario], [Giorno1], [Giorno2], [Settimana]) VALUES (854, N'Mercoledi', N'Sabato', 41)
INSERT INTO [dbo].[DisponibilitaStraordinarioSets] ([IdDisponibilitaStraordinario], [Giorno1], [Giorno2], [Settimana]) VALUES (855, N'Mercoledi', N'Domenica', 41)
INSERT INTO [dbo].[DisponibilitaStraordinarioSets] ([IdDisponibilitaStraordinario], [Giorno1], [Giorno2], [Settimana]) VALUES (856, N'Giovedi', N'Venerdi', 41)
INSERT INTO [dbo].[DisponibilitaStraordinarioSets] ([IdDisponibilitaStraordinario], [Giorno1], [Giorno2], [Settimana]) VALUES (857, N'Giovedi', N'Sabato', 41)
INSERT INTO [dbo].[DisponibilitaStraordinarioSets] ([IdDisponibilitaStraordinario], [Giorno1], [Giorno2], [Settimana]) VALUES (858, N'Giovedi', N'Domenica', 41)
INSERT INTO [dbo].[DisponibilitaStraordinarioSets] ([IdDisponibilitaStraordinario], [Giorno1], [Giorno2], [Settimana]) VALUES (859, N'Venerdi', N'Sabato', 41)
INSERT INTO [dbo].[DisponibilitaStraordinarioSets] ([IdDisponibilitaStraordinario], [Giorno1], [Giorno2], [Settimana]) VALUES (860, N'Venerdi', N'Domenica', 41)
INSERT INTO [dbo].[DisponibilitaStraordinarioSets] ([IdDisponibilitaStraordinario], [Giorno1], [Giorno2], [Settimana]) VALUES (861, N'Sabato', N'Domenica', 41)
INSERT INTO [dbo].[DisponibilitaStraordinarioSets] ([IdDisponibilitaStraordinario], [Giorno1], [Giorno2], [Settimana]) VALUES (862, N'Lunedi', N'Martedi', 42)
INSERT INTO [dbo].[DisponibilitaStraordinarioSets] ([IdDisponibilitaStraordinario], [Giorno1], [Giorno2], [Settimana]) VALUES (863, N'Lunedi', N'Mercoledi', 42)
INSERT INTO [dbo].[DisponibilitaStraordinarioSets] ([IdDisponibilitaStraordinario], [Giorno1], [Giorno2], [Settimana]) VALUES (864, N'Lunedi', N'Giovedi', 42)
INSERT INTO [dbo].[DisponibilitaStraordinarioSets] ([IdDisponibilitaStraordinario], [Giorno1], [Giorno2], [Settimana]) VALUES (865, N'Lunedi', N'Venerdi', 42)
INSERT INTO [dbo].[DisponibilitaStraordinarioSets] ([IdDisponibilitaStraordinario], [Giorno1], [Giorno2], [Settimana]) VALUES (866, N'Lunedi', N'Sabato', 42)
INSERT INTO [dbo].[DisponibilitaStraordinarioSets] ([IdDisponibilitaStraordinario], [Giorno1], [Giorno2], [Settimana]) VALUES (867, N'Lunedi', N'Domenica', 42)
INSERT INTO [dbo].[DisponibilitaStraordinarioSets] ([IdDisponibilitaStraordinario], [Giorno1], [Giorno2], [Settimana]) VALUES (868, N'Martedi', N'Mercoledi', 42)
INSERT INTO [dbo].[DisponibilitaStraordinarioSets] ([IdDisponibilitaStraordinario], [Giorno1], [Giorno2], [Settimana]) VALUES (869, N'Martedi', N'Giovedi', 42)
INSERT INTO [dbo].[DisponibilitaStraordinarioSets] ([IdDisponibilitaStraordinario], [Giorno1], [Giorno2], [Settimana]) VALUES (870, N'Martedi', N'Venerdi', 42)
INSERT INTO [dbo].[DisponibilitaStraordinarioSets] ([IdDisponibilitaStraordinario], [Giorno1], [Giorno2], [Settimana]) VALUES (871, N'Martedi', N'Sabato', 42)
INSERT INTO [dbo].[DisponibilitaStraordinarioSets] ([IdDisponibilitaStraordinario], [Giorno1], [Giorno2], [Settimana]) VALUES (872, N'Martedi', N'Domenica', 42)
INSERT INTO [dbo].[DisponibilitaStraordinarioSets] ([IdDisponibilitaStraordinario], [Giorno1], [Giorno2], [Settimana]) VALUES (873, N'Mercoledi', N'Giovedi', 42)
INSERT INTO [dbo].[DisponibilitaStraordinarioSets] ([IdDisponibilitaStraordinario], [Giorno1], [Giorno2], [Settimana]) VALUES (874, N'Mercoledi', N'Venerdi', 42)
INSERT INTO [dbo].[DisponibilitaStraordinarioSets] ([IdDisponibilitaStraordinario], [Giorno1], [Giorno2], [Settimana]) VALUES (875, N'Mercoledi', N'Sabato', 42)
INSERT INTO [dbo].[DisponibilitaStraordinarioSets] ([IdDisponibilitaStraordinario], [Giorno1], [Giorno2], [Settimana]) VALUES (876, N'Mercoledi', N'Domenica', 42)
INSERT INTO [dbo].[DisponibilitaStraordinarioSets] ([IdDisponibilitaStraordinario], [Giorno1], [Giorno2], [Settimana]) VALUES (877, N'Giovedi', N'Venerdi', 42)
INSERT INTO [dbo].[DisponibilitaStraordinarioSets] ([IdDisponibilitaStraordinario], [Giorno1], [Giorno2], [Settimana]) VALUES (878, N'Giovedi', N'Sabato', 42)
INSERT INTO [dbo].[DisponibilitaStraordinarioSets] ([IdDisponibilitaStraordinario], [Giorno1], [Giorno2], [Settimana]) VALUES (879, N'Giovedi', N'Domenica', 42)
INSERT INTO [dbo].[DisponibilitaStraordinarioSets] ([IdDisponibilitaStraordinario], [Giorno1], [Giorno2], [Settimana]) VALUES (880, N'Venerdi', N'Sabato', 42)
INSERT INTO [dbo].[DisponibilitaStraordinarioSets] ([IdDisponibilitaStraordinario], [Giorno1], [Giorno2], [Settimana]) VALUES (881, N'Venerdi', N'Domenica', 42)
INSERT INTO [dbo].[DisponibilitaStraordinarioSets] ([IdDisponibilitaStraordinario], [Giorno1], [Giorno2], [Settimana]) VALUES (882, N'Sabato', N'Domenica', 42)
INSERT INTO [dbo].[DisponibilitaStraordinarioSets] ([IdDisponibilitaStraordinario], [Giorno1], [Giorno2], [Settimana]) VALUES (883, N'Lunedi', N'Martedi', 43)
INSERT INTO [dbo].[DisponibilitaStraordinarioSets] ([IdDisponibilitaStraordinario], [Giorno1], [Giorno2], [Settimana]) VALUES (884, N'Lunedi', N'Mercoledi', 43)
INSERT INTO [dbo].[DisponibilitaStraordinarioSets] ([IdDisponibilitaStraordinario], [Giorno1], [Giorno2], [Settimana]) VALUES (885, N'Lunedi', N'Giovedi', 43)
INSERT INTO [dbo].[DisponibilitaStraordinarioSets] ([IdDisponibilitaStraordinario], [Giorno1], [Giorno2], [Settimana]) VALUES (886, N'Lunedi', N'Venerdi', 43)
INSERT INTO [dbo].[DisponibilitaStraordinarioSets] ([IdDisponibilitaStraordinario], [Giorno1], [Giorno2], [Settimana]) VALUES (887, N'Lunedi', N'Sabato', 43)
INSERT INTO [dbo].[DisponibilitaStraordinarioSets] ([IdDisponibilitaStraordinario], [Giorno1], [Giorno2], [Settimana]) VALUES (888, N'Lunedi', N'Domenica', 43)
INSERT INTO [dbo].[DisponibilitaStraordinarioSets] ([IdDisponibilitaStraordinario], [Giorno1], [Giorno2], [Settimana]) VALUES (889, N'Martedi', N'Mercoledi', 43)
INSERT INTO [dbo].[DisponibilitaStraordinarioSets] ([IdDisponibilitaStraordinario], [Giorno1], [Giorno2], [Settimana]) VALUES (890, N'Martedi', N'Giovedi', 43)
INSERT INTO [dbo].[DisponibilitaStraordinarioSets] ([IdDisponibilitaStraordinario], [Giorno1], [Giorno2], [Settimana]) VALUES (891, N'Martedi', N'Venerdi', 43)
INSERT INTO [dbo].[DisponibilitaStraordinarioSets] ([IdDisponibilitaStraordinario], [Giorno1], [Giorno2], [Settimana]) VALUES (892, N'Martedi', N'Sabato', 43)
INSERT INTO [dbo].[DisponibilitaStraordinarioSets] ([IdDisponibilitaStraordinario], [Giorno1], [Giorno2], [Settimana]) VALUES (893, N'Martedi', N'Domenica', 43)
INSERT INTO [dbo].[DisponibilitaStraordinarioSets] ([IdDisponibilitaStraordinario], [Giorno1], [Giorno2], [Settimana]) VALUES (894, N'Mercoledi', N'Giovedi', 43)
INSERT INTO [dbo].[DisponibilitaStraordinarioSets] ([IdDisponibilitaStraordinario], [Giorno1], [Giorno2], [Settimana]) VALUES (895, N'Mercoledi', N'Venerdi', 43)
INSERT INTO [dbo].[DisponibilitaStraordinarioSets] ([IdDisponibilitaStraordinario], [Giorno1], [Giorno2], [Settimana]) VALUES (896, N'Mercoledi', N'Sabato', 43)
INSERT INTO [dbo].[DisponibilitaStraordinarioSets] ([IdDisponibilitaStraordinario], [Giorno1], [Giorno2], [Settimana]) VALUES (897, N'Mercoledi', N'Domenica', 43)
INSERT INTO [dbo].[DisponibilitaStraordinarioSets] ([IdDisponibilitaStraordinario], [Giorno1], [Giorno2], [Settimana]) VALUES (898, N'Giovedi', N'Venerdi', 43)
INSERT INTO [dbo].[DisponibilitaStraordinarioSets] ([IdDisponibilitaStraordinario], [Giorno1], [Giorno2], [Settimana]) VALUES (899, N'Giovedi', N'Sabato', 43)
INSERT INTO [dbo].[DisponibilitaStraordinarioSets] ([IdDisponibilitaStraordinario], [Giorno1], [Giorno2], [Settimana]) VALUES (900, N'Giovedi', N'Domenica', 43)
INSERT INTO [dbo].[DisponibilitaStraordinarioSets] ([IdDisponibilitaStraordinario], [Giorno1], [Giorno2], [Settimana]) VALUES (901, N'Venerdi', N'Sabato', 43)
INSERT INTO [dbo].[DisponibilitaStraordinarioSets] ([IdDisponibilitaStraordinario], [Giorno1], [Giorno2], [Settimana]) VALUES (902, N'Venerdi', N'Domenica', 43)
INSERT INTO [dbo].[DisponibilitaStraordinarioSets] ([IdDisponibilitaStraordinario], [Giorno1], [Giorno2], [Settimana]) VALUES (903, N'Sabato', N'Domenica', 43)
INSERT INTO [dbo].[DisponibilitaStraordinarioSets] ([IdDisponibilitaStraordinario], [Giorno1], [Giorno2], [Settimana]) VALUES (904, N'Lunedi', N'Martedi', 44)
INSERT INTO [dbo].[DisponibilitaStraordinarioSets] ([IdDisponibilitaStraordinario], [Giorno1], [Giorno2], [Settimana]) VALUES (905, N'Lunedi', N'Mercoledi', 44)
INSERT INTO [dbo].[DisponibilitaStraordinarioSets] ([IdDisponibilitaStraordinario], [Giorno1], [Giorno2], [Settimana]) VALUES (906, N'Lunedi', N'Giovedi', 44)
INSERT INTO [dbo].[DisponibilitaStraordinarioSets] ([IdDisponibilitaStraordinario], [Giorno1], [Giorno2], [Settimana]) VALUES (907, N'Lunedi', N'Venerdi', 44)
INSERT INTO [dbo].[DisponibilitaStraordinarioSets] ([IdDisponibilitaStraordinario], [Giorno1], [Giorno2], [Settimana]) VALUES (908, N'Lunedi', N'Sabato', 44)
INSERT INTO [dbo].[DisponibilitaStraordinarioSets] ([IdDisponibilitaStraordinario], [Giorno1], [Giorno2], [Settimana]) VALUES (909, N'Lunedi', N'Domenica', 44)
INSERT INTO [dbo].[DisponibilitaStraordinarioSets] ([IdDisponibilitaStraordinario], [Giorno1], [Giorno2], [Settimana]) VALUES (910, N'Martedi', N'Mercoledi', 44)
INSERT INTO [dbo].[DisponibilitaStraordinarioSets] ([IdDisponibilitaStraordinario], [Giorno1], [Giorno2], [Settimana]) VALUES (911, N'Martedi', N'Giovedi', 44)
INSERT INTO [dbo].[DisponibilitaStraordinarioSets] ([IdDisponibilitaStraordinario], [Giorno1], [Giorno2], [Settimana]) VALUES (912, N'Martedi', N'Venerdi', 44)
INSERT INTO [dbo].[DisponibilitaStraordinarioSets] ([IdDisponibilitaStraordinario], [Giorno1], [Giorno2], [Settimana]) VALUES (913, N'Martedi', N'Sabato', 44)
INSERT INTO [dbo].[DisponibilitaStraordinarioSets] ([IdDisponibilitaStraordinario], [Giorno1], [Giorno2], [Settimana]) VALUES (914, N'Martedi', N'Domenica', 44)
INSERT INTO [dbo].[DisponibilitaStraordinarioSets] ([IdDisponibilitaStraordinario], [Giorno1], [Giorno2], [Settimana]) VALUES (915, N'Mercoledi', N'Giovedi', 44)
INSERT INTO [dbo].[DisponibilitaStraordinarioSets] ([IdDisponibilitaStraordinario], [Giorno1], [Giorno2], [Settimana]) VALUES (916, N'Mercoledi', N'Venerdi', 44)
INSERT INTO [dbo].[DisponibilitaStraordinarioSets] ([IdDisponibilitaStraordinario], [Giorno1], [Giorno2], [Settimana]) VALUES (917, N'Mercoledi', N'Sabato', 44)
INSERT INTO [dbo].[DisponibilitaStraordinarioSets] ([IdDisponibilitaStraordinario], [Giorno1], [Giorno2], [Settimana]) VALUES (918, N'Mercoledi', N'Domenica', 44)
INSERT INTO [dbo].[DisponibilitaStraordinarioSets] ([IdDisponibilitaStraordinario], [Giorno1], [Giorno2], [Settimana]) VALUES (919, N'Giovedi', N'Venerdi', 44)
INSERT INTO [dbo].[DisponibilitaStraordinarioSets] ([IdDisponibilitaStraordinario], [Giorno1], [Giorno2], [Settimana]) VALUES (920, N'Giovedi', N'Sabato', 44)
INSERT INTO [dbo].[DisponibilitaStraordinarioSets] ([IdDisponibilitaStraordinario], [Giorno1], [Giorno2], [Settimana]) VALUES (921, N'Giovedi', N'Domenica', 44)
INSERT INTO [dbo].[DisponibilitaStraordinarioSets] ([IdDisponibilitaStraordinario], [Giorno1], [Giorno2], [Settimana]) VALUES (922, N'Venerdi', N'Sabato', 44)
INSERT INTO [dbo].[DisponibilitaStraordinarioSets] ([IdDisponibilitaStraordinario], [Giorno1], [Giorno2], [Settimana]) VALUES (923, N'Venerdi', N'Domenica', 44)
INSERT INTO [dbo].[DisponibilitaStraordinarioSets] ([IdDisponibilitaStraordinario], [Giorno1], [Giorno2], [Settimana]) VALUES (924, N'Sabato', N'Domenica', 44)
INSERT INTO [dbo].[DisponibilitaStraordinarioSets] ([IdDisponibilitaStraordinario], [Giorno1], [Giorno2], [Settimana]) VALUES (925, N'Lunedi', N'Martedi', 45)
INSERT INTO [dbo].[DisponibilitaStraordinarioSets] ([IdDisponibilitaStraordinario], [Giorno1], [Giorno2], [Settimana]) VALUES (926, N'Lunedi', N'Mercoledi', 45)
INSERT INTO [dbo].[DisponibilitaStraordinarioSets] ([IdDisponibilitaStraordinario], [Giorno1], [Giorno2], [Settimana]) VALUES (927, N'Lunedi', N'Giovedi', 45)
INSERT INTO [dbo].[DisponibilitaStraordinarioSets] ([IdDisponibilitaStraordinario], [Giorno1], [Giorno2], [Settimana]) VALUES (928, N'Lunedi', N'Venerdi', 45)
INSERT INTO [dbo].[DisponibilitaStraordinarioSets] ([IdDisponibilitaStraordinario], [Giorno1], [Giorno2], [Settimana]) VALUES (929, N'Lunedi', N'Sabato', 45)
INSERT INTO [dbo].[DisponibilitaStraordinarioSets] ([IdDisponibilitaStraordinario], [Giorno1], [Giorno2], [Settimana]) VALUES (930, N'Lunedi', N'Domenica', 45)
INSERT INTO [dbo].[DisponibilitaStraordinarioSets] ([IdDisponibilitaStraordinario], [Giorno1], [Giorno2], [Settimana]) VALUES (931, N'Martedi', N'Mercoledi', 45)
INSERT INTO [dbo].[DisponibilitaStraordinarioSets] ([IdDisponibilitaStraordinario], [Giorno1], [Giorno2], [Settimana]) VALUES (932, N'Martedi', N'Giovedi', 45)
INSERT INTO [dbo].[DisponibilitaStraordinarioSets] ([IdDisponibilitaStraordinario], [Giorno1], [Giorno2], [Settimana]) VALUES (933, N'Martedi', N'Venerdi', 45)
INSERT INTO [dbo].[DisponibilitaStraordinarioSets] ([IdDisponibilitaStraordinario], [Giorno1], [Giorno2], [Settimana]) VALUES (934, N'Martedi', N'Sabato', 45)
INSERT INTO [dbo].[DisponibilitaStraordinarioSets] ([IdDisponibilitaStraordinario], [Giorno1], [Giorno2], [Settimana]) VALUES (935, N'Martedi', N'Domenica', 45)
INSERT INTO [dbo].[DisponibilitaStraordinarioSets] ([IdDisponibilitaStraordinario], [Giorno1], [Giorno2], [Settimana]) VALUES (936, N'Mercoledi', N'Giovedi', 45)
INSERT INTO [dbo].[DisponibilitaStraordinarioSets] ([IdDisponibilitaStraordinario], [Giorno1], [Giorno2], [Settimana]) VALUES (937, N'Mercoledi', N'Venerdi', 45)
INSERT INTO [dbo].[DisponibilitaStraordinarioSets] ([IdDisponibilitaStraordinario], [Giorno1], [Giorno2], [Settimana]) VALUES (938, N'Mercoledi', N'Sabato', 45)
INSERT INTO [dbo].[DisponibilitaStraordinarioSets] ([IdDisponibilitaStraordinario], [Giorno1], [Giorno2], [Settimana]) VALUES (939, N'Mercoledi', N'Domenica', 45)
INSERT INTO [dbo].[DisponibilitaStraordinarioSets] ([IdDisponibilitaStraordinario], [Giorno1], [Giorno2], [Settimana]) VALUES (940, N'Giovedi', N'Venerdi', 45)
INSERT INTO [dbo].[DisponibilitaStraordinarioSets] ([IdDisponibilitaStraordinario], [Giorno1], [Giorno2], [Settimana]) VALUES (941, N'Giovedi', N'Sabato', 45)
INSERT INTO [dbo].[DisponibilitaStraordinarioSets] ([IdDisponibilitaStraordinario], [Giorno1], [Giorno2], [Settimana]) VALUES (942, N'Giovedi', N'Domenica', 45)
INSERT INTO [dbo].[DisponibilitaStraordinarioSets] ([IdDisponibilitaStraordinario], [Giorno1], [Giorno2], [Settimana]) VALUES (943, N'Venerdi', N'Sabato', 45)
INSERT INTO [dbo].[DisponibilitaStraordinarioSets] ([IdDisponibilitaStraordinario], [Giorno1], [Giorno2], [Settimana]) VALUES (944, N'Venerdi', N'Domenica', 45)
INSERT INTO [dbo].[DisponibilitaStraordinarioSets] ([IdDisponibilitaStraordinario], [Giorno1], [Giorno2], [Settimana]) VALUES (945, N'Sabato', N'Domenica', 45)
INSERT INTO [dbo].[DisponibilitaStraordinarioSets] ([IdDisponibilitaStraordinario], [Giorno1], [Giorno2], [Settimana]) VALUES (946, N'Lunedi', N'Martedi', 46)
INSERT INTO [dbo].[DisponibilitaStraordinarioSets] ([IdDisponibilitaStraordinario], [Giorno1], [Giorno2], [Settimana]) VALUES (947, N'Lunedi', N'Mercoledi', 46)
INSERT INTO [dbo].[DisponibilitaStraordinarioSets] ([IdDisponibilitaStraordinario], [Giorno1], [Giorno2], [Settimana]) VALUES (948, N'Lunedi', N'Giovedi', 46)
INSERT INTO [dbo].[DisponibilitaStraordinarioSets] ([IdDisponibilitaStraordinario], [Giorno1], [Giorno2], [Settimana]) VALUES (949, N'Lunedi', N'Venerdi', 46)
INSERT INTO [dbo].[DisponibilitaStraordinarioSets] ([IdDisponibilitaStraordinario], [Giorno1], [Giorno2], [Settimana]) VALUES (950, N'Lunedi', N'Sabato', 46)
INSERT INTO [dbo].[DisponibilitaStraordinarioSets] ([IdDisponibilitaStraordinario], [Giorno1], [Giorno2], [Settimana]) VALUES (951, N'Lunedi', N'Domenica', 46)
INSERT INTO [dbo].[DisponibilitaStraordinarioSets] ([IdDisponibilitaStraordinario], [Giorno1], [Giorno2], [Settimana]) VALUES (952, N'Martedi', N'Mercoledi', 46)
INSERT INTO [dbo].[DisponibilitaStraordinarioSets] ([IdDisponibilitaStraordinario], [Giorno1], [Giorno2], [Settimana]) VALUES (953, N'Martedi', N'Giovedi', 46)
INSERT INTO [dbo].[DisponibilitaStraordinarioSets] ([IdDisponibilitaStraordinario], [Giorno1], [Giorno2], [Settimana]) VALUES (954, N'Martedi', N'Venerdi', 46)
INSERT INTO [dbo].[DisponibilitaStraordinarioSets] ([IdDisponibilitaStraordinario], [Giorno1], [Giorno2], [Settimana]) VALUES (955, N'Martedi', N'Sabato', 46)
INSERT INTO [dbo].[DisponibilitaStraordinarioSets] ([IdDisponibilitaStraordinario], [Giorno1], [Giorno2], [Settimana]) VALUES (956, N'Martedi', N'Domenica', 46)
INSERT INTO [dbo].[DisponibilitaStraordinarioSets] ([IdDisponibilitaStraordinario], [Giorno1], [Giorno2], [Settimana]) VALUES (957, N'Mercoledi', N'Giovedi', 46)
INSERT INTO [dbo].[DisponibilitaStraordinarioSets] ([IdDisponibilitaStraordinario], [Giorno1], [Giorno2], [Settimana]) VALUES (958, N'Mercoledi', N'Venerdi', 46)
INSERT INTO [dbo].[DisponibilitaStraordinarioSets] ([IdDisponibilitaStraordinario], [Giorno1], [Giorno2], [Settimana]) VALUES (959, N'Mercoledi', N'Sabato', 46)
INSERT INTO [dbo].[DisponibilitaStraordinarioSets] ([IdDisponibilitaStraordinario], [Giorno1], [Giorno2], [Settimana]) VALUES (960, N'Mercoledi', N'Domenica', 46)
INSERT INTO [dbo].[DisponibilitaStraordinarioSets] ([IdDisponibilitaStraordinario], [Giorno1], [Giorno2], [Settimana]) VALUES (961, N'Giovedi', N'Venerdi', 46)
INSERT INTO [dbo].[DisponibilitaStraordinarioSets] ([IdDisponibilitaStraordinario], [Giorno1], [Giorno2], [Settimana]) VALUES (962, N'Giovedi', N'Sabato', 46)
INSERT INTO [dbo].[DisponibilitaStraordinarioSets] ([IdDisponibilitaStraordinario], [Giorno1], [Giorno2], [Settimana]) VALUES (963, N'Giovedi', N'Domenica', 46)
INSERT INTO [dbo].[DisponibilitaStraordinarioSets] ([IdDisponibilitaStraordinario], [Giorno1], [Giorno2], [Settimana]) VALUES (964, N'Venerdi', N'Sabato', 46)
INSERT INTO [dbo].[DisponibilitaStraordinarioSets] ([IdDisponibilitaStraordinario], [Giorno1], [Giorno2], [Settimana]) VALUES (965, N'Venerdi', N'Domenica', 46)
INSERT INTO [dbo].[DisponibilitaStraordinarioSets] ([IdDisponibilitaStraordinario], [Giorno1], [Giorno2], [Settimana]) VALUES (966, N'Sabato', N'Domenica', 46)
INSERT INTO [dbo].[DisponibilitaStraordinarioSets] ([IdDisponibilitaStraordinario], [Giorno1], [Giorno2], [Settimana]) VALUES (967, N'Lunedi', N'Martedi', 47)
INSERT INTO [dbo].[DisponibilitaStraordinarioSets] ([IdDisponibilitaStraordinario], [Giorno1], [Giorno2], [Settimana]) VALUES (968, N'Lunedi', N'Mercoledi', 47)
INSERT INTO [dbo].[DisponibilitaStraordinarioSets] ([IdDisponibilitaStraordinario], [Giorno1], [Giorno2], [Settimana]) VALUES (969, N'Lunedi', N'Giovedi', 47)
INSERT INTO [dbo].[DisponibilitaStraordinarioSets] ([IdDisponibilitaStraordinario], [Giorno1], [Giorno2], [Settimana]) VALUES (970, N'Lunedi', N'Venerdi', 47)
INSERT INTO [dbo].[DisponibilitaStraordinarioSets] ([IdDisponibilitaStraordinario], [Giorno1], [Giorno2], [Settimana]) VALUES (971, N'Lunedi', N'Sabato', 47)
INSERT INTO [dbo].[DisponibilitaStraordinarioSets] ([IdDisponibilitaStraordinario], [Giorno1], [Giorno2], [Settimana]) VALUES (972, N'Lunedi', N'Domenica', 47)
INSERT INTO [dbo].[DisponibilitaStraordinarioSets] ([IdDisponibilitaStraordinario], [Giorno1], [Giorno2], [Settimana]) VALUES (973, N'Martedi', N'Mercoledi', 47)
INSERT INTO [dbo].[DisponibilitaStraordinarioSets] ([IdDisponibilitaStraordinario], [Giorno1], [Giorno2], [Settimana]) VALUES (974, N'Martedi', N'Giovedi', 47)
INSERT INTO [dbo].[DisponibilitaStraordinarioSets] ([IdDisponibilitaStraordinario], [Giorno1], [Giorno2], [Settimana]) VALUES (975, N'Martedi', N'Venerdi', 47)
INSERT INTO [dbo].[DisponibilitaStraordinarioSets] ([IdDisponibilitaStraordinario], [Giorno1], [Giorno2], [Settimana]) VALUES (976, N'Martedi', N'Sabato', 47)
INSERT INTO [dbo].[DisponibilitaStraordinarioSets] ([IdDisponibilitaStraordinario], [Giorno1], [Giorno2], [Settimana]) VALUES (977, N'Martedi', N'Domenica', 47)
INSERT INTO [dbo].[DisponibilitaStraordinarioSets] ([IdDisponibilitaStraordinario], [Giorno1], [Giorno2], [Settimana]) VALUES (978, N'Mercoledi', N'Giovedi', 47)
INSERT INTO [dbo].[DisponibilitaStraordinarioSets] ([IdDisponibilitaStraordinario], [Giorno1], [Giorno2], [Settimana]) VALUES (979, N'Mercoledi', N'Venerdi', 47)
INSERT INTO [dbo].[DisponibilitaStraordinarioSets] ([IdDisponibilitaStraordinario], [Giorno1], [Giorno2], [Settimana]) VALUES (980, N'Mercoledi', N'Sabato', 47)
INSERT INTO [dbo].[DisponibilitaStraordinarioSets] ([IdDisponibilitaStraordinario], [Giorno1], [Giorno2], [Settimana]) VALUES (981, N'Mercoledi', N'Domenica', 47)
INSERT INTO [dbo].[DisponibilitaStraordinarioSets] ([IdDisponibilitaStraordinario], [Giorno1], [Giorno2], [Settimana]) VALUES (982, N'Giovedi', N'Venerdi', 47)
INSERT INTO [dbo].[DisponibilitaStraordinarioSets] ([IdDisponibilitaStraordinario], [Giorno1], [Giorno2], [Settimana]) VALUES (983, N'Giovedi', N'Sabato', 47)
INSERT INTO [dbo].[DisponibilitaStraordinarioSets] ([IdDisponibilitaStraordinario], [Giorno1], [Giorno2], [Settimana]) VALUES (984, N'Giovedi', N'Domenica', 47)
INSERT INTO [dbo].[DisponibilitaStraordinarioSets] ([IdDisponibilitaStraordinario], [Giorno1], [Giorno2], [Settimana]) VALUES (985, N'Venerdi', N'Sabato', 47)
INSERT INTO [dbo].[DisponibilitaStraordinarioSets] ([IdDisponibilitaStraordinario], [Giorno1], [Giorno2], [Settimana]) VALUES (986, N'Venerdi', N'Domenica', 47)
INSERT INTO [dbo].[DisponibilitaStraordinarioSets] ([IdDisponibilitaStraordinario], [Giorno1], [Giorno2], [Settimana]) VALUES (987, N'Sabato', N'Domenica', 47)
INSERT INTO [dbo].[DisponibilitaStraordinarioSets] ([IdDisponibilitaStraordinario], [Giorno1], [Giorno2], [Settimana]) VALUES (988, N'Lunedi', N'Martedi', 48)
INSERT INTO [dbo].[DisponibilitaStraordinarioSets] ([IdDisponibilitaStraordinario], [Giorno1], [Giorno2], [Settimana]) VALUES (989, N'Lunedi', N'Mercoledi', 48)
INSERT INTO [dbo].[DisponibilitaStraordinarioSets] ([IdDisponibilitaStraordinario], [Giorno1], [Giorno2], [Settimana]) VALUES (990, N'Lunedi', N'Giovedi', 48)
INSERT INTO [dbo].[DisponibilitaStraordinarioSets] ([IdDisponibilitaStraordinario], [Giorno1], [Giorno2], [Settimana]) VALUES (991, N'Lunedi', N'Venerdi', 48)
INSERT INTO [dbo].[DisponibilitaStraordinarioSets] ([IdDisponibilitaStraordinario], [Giorno1], [Giorno2], [Settimana]) VALUES (992, N'Lunedi', N'Sabato', 48)
INSERT INTO [dbo].[DisponibilitaStraordinarioSets] ([IdDisponibilitaStraordinario], [Giorno1], [Giorno2], [Settimana]) VALUES (993, N'Lunedi', N'Domenica', 48)
INSERT INTO [dbo].[DisponibilitaStraordinarioSets] ([IdDisponibilitaStraordinario], [Giorno1], [Giorno2], [Settimana]) VALUES (994, N'Martedi', N'Mercoledi', 48)
INSERT INTO [dbo].[DisponibilitaStraordinarioSets] ([IdDisponibilitaStraordinario], [Giorno1], [Giorno2], [Settimana]) VALUES (995, N'Martedi', N'Giovedi', 48)
INSERT INTO [dbo].[DisponibilitaStraordinarioSets] ([IdDisponibilitaStraordinario], [Giorno1], [Giorno2], [Settimana]) VALUES (996, N'Martedi', N'Venerdi', 48)
INSERT INTO [dbo].[DisponibilitaStraordinarioSets] ([IdDisponibilitaStraordinario], [Giorno1], [Giorno2], [Settimana]) VALUES (997, N'Martedi', N'Sabato', 48)
INSERT INTO [dbo].[DisponibilitaStraordinarioSets] ([IdDisponibilitaStraordinario], [Giorno1], [Giorno2], [Settimana]) VALUES (998, N'Martedi', N'Domenica', 48)
INSERT INTO [dbo].[DisponibilitaStraordinarioSets] ([IdDisponibilitaStraordinario], [Giorno1], [Giorno2], [Settimana]) VALUES (999, N'Mercoledi', N'Giovedi', 48)
INSERT INTO [dbo].[DisponibilitaStraordinarioSets] ([IdDisponibilitaStraordinario], [Giorno1], [Giorno2], [Settimana]) VALUES (1000, N'Mercoledi', N'Venerdi', 48)
INSERT INTO [dbo].[DisponibilitaStraordinarioSets] ([IdDisponibilitaStraordinario], [Giorno1], [Giorno2], [Settimana]) VALUES (1001, N'Mercoledi', N'Sabato', 48)
INSERT INTO [dbo].[DisponibilitaStraordinarioSets] ([IdDisponibilitaStraordinario], [Giorno1], [Giorno2], [Settimana]) VALUES (1002, N'Mercoledi', N'Domenica', 48)
INSERT INTO [dbo].[DisponibilitaStraordinarioSets] ([IdDisponibilitaStraordinario], [Giorno1], [Giorno2], [Settimana]) VALUES (1003, N'Giovedi', N'Venerdi', 48)
INSERT INTO [dbo].[DisponibilitaStraordinarioSets] ([IdDisponibilitaStraordinario], [Giorno1], [Giorno2], [Settimana]) VALUES (1004, N'Giovedi', N'Sabato', 48)
INSERT INTO [dbo].[DisponibilitaStraordinarioSets] ([IdDisponibilitaStraordinario], [Giorno1], [Giorno2], [Settimana]) VALUES (1005, N'Giovedi', N'Domenica', 48)
INSERT INTO [dbo].[DisponibilitaStraordinarioSets] ([IdDisponibilitaStraordinario], [Giorno1], [Giorno2], [Settimana]) VALUES (1006, N'Venerdi', N'Sabato', 48)
INSERT INTO [dbo].[DisponibilitaStraordinarioSets] ([IdDisponibilitaStraordinario], [Giorno1], [Giorno2], [Settimana]) VALUES (1007, N'Venerdi', N'Domenica', 48)
INSERT INTO [dbo].[DisponibilitaStraordinarioSets] ([IdDisponibilitaStraordinario], [Giorno1], [Giorno2], [Settimana]) VALUES (1008, N'Sabato', N'Domenica', 48)
INSERT INTO [dbo].[DisponibilitaStraordinarioSets] ([IdDisponibilitaStraordinario], [Giorno1], [Giorno2], [Settimana]) VALUES (1009, N'Lunedi', N'Martedi', 49)
INSERT INTO [dbo].[DisponibilitaStraordinarioSets] ([IdDisponibilitaStraordinario], [Giorno1], [Giorno2], [Settimana]) VALUES (1010, N'Lunedi', N'Mercoledi', 49)
INSERT INTO [dbo].[DisponibilitaStraordinarioSets] ([IdDisponibilitaStraordinario], [Giorno1], [Giorno2], [Settimana]) VALUES (1011, N'Lunedi', N'Giovedi', 49)
INSERT INTO [dbo].[DisponibilitaStraordinarioSets] ([IdDisponibilitaStraordinario], [Giorno1], [Giorno2], [Settimana]) VALUES (1012, N'Lunedi', N'Venerdi', 49)
INSERT INTO [dbo].[DisponibilitaStraordinarioSets] ([IdDisponibilitaStraordinario], [Giorno1], [Giorno2], [Settimana]) VALUES (1013, N'Lunedi', N'Sabato', 49)
INSERT INTO [dbo].[DisponibilitaStraordinarioSets] ([IdDisponibilitaStraordinario], [Giorno1], [Giorno2], [Settimana]) VALUES (1014, N'Lunedi', N'Domenica', 49)
INSERT INTO [dbo].[DisponibilitaStraordinarioSets] ([IdDisponibilitaStraordinario], [Giorno1], [Giorno2], [Settimana]) VALUES (1015, N'Martedi', N'Mercoledi', 49)
INSERT INTO [dbo].[DisponibilitaStraordinarioSets] ([IdDisponibilitaStraordinario], [Giorno1], [Giorno2], [Settimana]) VALUES (1016, N'Martedi', N'Giovedi', 49)
INSERT INTO [dbo].[DisponibilitaStraordinarioSets] ([IdDisponibilitaStraordinario], [Giorno1], [Giorno2], [Settimana]) VALUES (1017, N'Martedi', N'Venerdi', 49)
INSERT INTO [dbo].[DisponibilitaStraordinarioSets] ([IdDisponibilitaStraordinario], [Giorno1], [Giorno2], [Settimana]) VALUES (1018, N'Martedi', N'Sabato', 49)
INSERT INTO [dbo].[DisponibilitaStraordinarioSets] ([IdDisponibilitaStraordinario], [Giorno1], [Giorno2], [Settimana]) VALUES (1019, N'Martedi', N'Domenica', 49)
INSERT INTO [dbo].[DisponibilitaStraordinarioSets] ([IdDisponibilitaStraordinario], [Giorno1], [Giorno2], [Settimana]) VALUES (1020, N'Mercoledi', N'Giovedi', 49)
INSERT INTO [dbo].[DisponibilitaStraordinarioSets] ([IdDisponibilitaStraordinario], [Giorno1], [Giorno2], [Settimana]) VALUES (1021, N'Mercoledi', N'Venerdi', 49)
INSERT INTO [dbo].[DisponibilitaStraordinarioSets] ([IdDisponibilitaStraordinario], [Giorno1], [Giorno2], [Settimana]) VALUES (1022, N'Mercoledi', N'Sabato', 49)
INSERT INTO [dbo].[DisponibilitaStraordinarioSets] ([IdDisponibilitaStraordinario], [Giorno1], [Giorno2], [Settimana]) VALUES (1023, N'Mercoledi', N'Domenica', 49)
INSERT INTO [dbo].[DisponibilitaStraordinarioSets] ([IdDisponibilitaStraordinario], [Giorno1], [Giorno2], [Settimana]) VALUES (1024, N'Giovedi', N'Venerdi', 49)
INSERT INTO [dbo].[DisponibilitaStraordinarioSets] ([IdDisponibilitaStraordinario], [Giorno1], [Giorno2], [Settimana]) VALUES (1025, N'Giovedi', N'Sabato', 49)
INSERT INTO [dbo].[DisponibilitaStraordinarioSets] ([IdDisponibilitaStraordinario], [Giorno1], [Giorno2], [Settimana]) VALUES (1026, N'Giovedi', N'Domenica', 49)
INSERT INTO [dbo].[DisponibilitaStraordinarioSets] ([IdDisponibilitaStraordinario], [Giorno1], [Giorno2], [Settimana]) VALUES (1027, N'Venerdi', N'Sabato', 49)
INSERT INTO [dbo].[DisponibilitaStraordinarioSets] ([IdDisponibilitaStraordinario], [Giorno1], [Giorno2], [Settimana]) VALUES (1028, N'Venerdi', N'Domenica', 49)
INSERT INTO [dbo].[DisponibilitaStraordinarioSets] ([IdDisponibilitaStraordinario], [Giorno1], [Giorno2], [Settimana]) VALUES (1029, N'Sabato', N'Domenica', 49)
INSERT INTO [dbo].[DisponibilitaStraordinarioSets] ([IdDisponibilitaStraordinario], [Giorno1], [Giorno2], [Settimana]) VALUES (1030, N'Lunedi', N'Martedi', 50)
INSERT INTO [dbo].[DisponibilitaStraordinarioSets] ([IdDisponibilitaStraordinario], [Giorno1], [Giorno2], [Settimana]) VALUES (1031, N'Lunedi', N'Mercoledi', 50)
INSERT INTO [dbo].[DisponibilitaStraordinarioSets] ([IdDisponibilitaStraordinario], [Giorno1], [Giorno2], [Settimana]) VALUES (1032, N'Lunedi', N'Giovedi', 50)
INSERT INTO [dbo].[DisponibilitaStraordinarioSets] ([IdDisponibilitaStraordinario], [Giorno1], [Giorno2], [Settimana]) VALUES (1033, N'Lunedi', N'Venerdi', 50)
INSERT INTO [dbo].[DisponibilitaStraordinarioSets] ([IdDisponibilitaStraordinario], [Giorno1], [Giorno2], [Settimana]) VALUES (1034, N'Lunedi', N'Sabato', 50)
INSERT INTO [dbo].[DisponibilitaStraordinarioSets] ([IdDisponibilitaStraordinario], [Giorno1], [Giorno2], [Settimana]) VALUES (1035, N'Lunedi', N'Domenica', 50)
INSERT INTO [dbo].[DisponibilitaStraordinarioSets] ([IdDisponibilitaStraordinario], [Giorno1], [Giorno2], [Settimana]) VALUES (1036, N'Martedi', N'Mercoledi', 50)
INSERT INTO [dbo].[DisponibilitaStraordinarioSets] ([IdDisponibilitaStraordinario], [Giorno1], [Giorno2], [Settimana]) VALUES (1037, N'Martedi', N'Giovedi', 50)
INSERT INTO [dbo].[DisponibilitaStraordinarioSets] ([IdDisponibilitaStraordinario], [Giorno1], [Giorno2], [Settimana]) VALUES (1038, N'Martedi', N'Venerdi', 50)
INSERT INTO [dbo].[DisponibilitaStraordinarioSets] ([IdDisponibilitaStraordinario], [Giorno1], [Giorno2], [Settimana]) VALUES (1039, N'Martedi', N'Sabato', 50)
INSERT INTO [dbo].[DisponibilitaStraordinarioSets] ([IdDisponibilitaStraordinario], [Giorno1], [Giorno2], [Settimana]) VALUES (1040, N'Martedi', N'Domenica', 50)
INSERT INTO [dbo].[DisponibilitaStraordinarioSets] ([IdDisponibilitaStraordinario], [Giorno1], [Giorno2], [Settimana]) VALUES (1041, N'Mercoledi', N'Giovedi', 50)
INSERT INTO [dbo].[DisponibilitaStraordinarioSets] ([IdDisponibilitaStraordinario], [Giorno1], [Giorno2], [Settimana]) VALUES (1042, N'Mercoledi', N'Venerdi', 50)
INSERT INTO [dbo].[DisponibilitaStraordinarioSets] ([IdDisponibilitaStraordinario], [Giorno1], [Giorno2], [Settimana]) VALUES (1043, N'Mercoledi', N'Sabato', 50)
INSERT INTO [dbo].[DisponibilitaStraordinarioSets] ([IdDisponibilitaStraordinario], [Giorno1], [Giorno2], [Settimana]) VALUES (1044, N'Mercoledi', N'Domenica', 50)
INSERT INTO [dbo].[DisponibilitaStraordinarioSets] ([IdDisponibilitaStraordinario], [Giorno1], [Giorno2], [Settimana]) VALUES (1045, N'Giovedi', N'Venerdi', 50)
INSERT INTO [dbo].[DisponibilitaStraordinarioSets] ([IdDisponibilitaStraordinario], [Giorno1], [Giorno2], [Settimana]) VALUES (1046, N'Giovedi', N'Sabato', 50)
INSERT INTO [dbo].[DisponibilitaStraordinarioSets] ([IdDisponibilitaStraordinario], [Giorno1], [Giorno2], [Settimana]) VALUES (1047, N'Giovedi', N'Domenica', 50)
INSERT INTO [dbo].[DisponibilitaStraordinarioSets] ([IdDisponibilitaStraordinario], [Giorno1], [Giorno2], [Settimana]) VALUES (1048, N'Venerdi', N'Sabato', 50)
INSERT INTO [dbo].[DisponibilitaStraordinarioSets] ([IdDisponibilitaStraordinario], [Giorno1], [Giorno2], [Settimana]) VALUES (1049, N'Venerdi', N'Domenica', 50)
INSERT INTO [dbo].[DisponibilitaStraordinarioSets] ([IdDisponibilitaStraordinario], [Giorno1], [Giorno2], [Settimana]) VALUES (1050, N'Sabato', N'Domenica', 50)
INSERT INTO [dbo].[DisponibilitaStraordinarioSets] ([IdDisponibilitaStraordinario], [Giorno1], [Giorno2], [Settimana]) VALUES (1051, N'Lunedi', N'Martedi', 51)
INSERT INTO [dbo].[DisponibilitaStraordinarioSets] ([IdDisponibilitaStraordinario], [Giorno1], [Giorno2], [Settimana]) VALUES (1052, N'Lunedi', N'Mercoledi', 51)
INSERT INTO [dbo].[DisponibilitaStraordinarioSets] ([IdDisponibilitaStraordinario], [Giorno1], [Giorno2], [Settimana]) VALUES (1053, N'Lunedi', N'Giovedi', 51)
INSERT INTO [dbo].[DisponibilitaStraordinarioSets] ([IdDisponibilitaStraordinario], [Giorno1], [Giorno2], [Settimana]) VALUES (1054, N'Lunedi', N'Venerdi', 51)
INSERT INTO [dbo].[DisponibilitaStraordinarioSets] ([IdDisponibilitaStraordinario], [Giorno1], [Giorno2], [Settimana]) VALUES (1055, N'Lunedi', N'Sabato', 51)
INSERT INTO [dbo].[DisponibilitaStraordinarioSets] ([IdDisponibilitaStraordinario], [Giorno1], [Giorno2], [Settimana]) VALUES (1056, N'Lunedi', N'Domenica', 51)
INSERT INTO [dbo].[DisponibilitaStraordinarioSets] ([IdDisponibilitaStraordinario], [Giorno1], [Giorno2], [Settimana]) VALUES (1057, N'Martedi', N'Mercoledi', 51)
INSERT INTO [dbo].[DisponibilitaStraordinarioSets] ([IdDisponibilitaStraordinario], [Giorno1], [Giorno2], [Settimana]) VALUES (1058, N'Martedi', N'Giovedi', 51)
INSERT INTO [dbo].[DisponibilitaStraordinarioSets] ([IdDisponibilitaStraordinario], [Giorno1], [Giorno2], [Settimana]) VALUES (1059, N'Martedi', N'Venerdi', 51)
INSERT INTO [dbo].[DisponibilitaStraordinarioSets] ([IdDisponibilitaStraordinario], [Giorno1], [Giorno2], [Settimana]) VALUES (1060, N'Martedi', N'Sabato', 51)
INSERT INTO [dbo].[DisponibilitaStraordinarioSets] ([IdDisponibilitaStraordinario], [Giorno1], [Giorno2], [Settimana]) VALUES (1061, N'Martedi', N'Domenica', 51)
INSERT INTO [dbo].[DisponibilitaStraordinarioSets] ([IdDisponibilitaStraordinario], [Giorno1], [Giorno2], [Settimana]) VALUES (1062, N'Mercoledi', N'Giovedi', 51)
INSERT INTO [dbo].[DisponibilitaStraordinarioSets] ([IdDisponibilitaStraordinario], [Giorno1], [Giorno2], [Settimana]) VALUES (1063, N'Mercoledi', N'Venerdi', 51)
INSERT INTO [dbo].[DisponibilitaStraordinarioSets] ([IdDisponibilitaStraordinario], [Giorno1], [Giorno2], [Settimana]) VALUES (1064, N'Mercoledi', N'Sabato', 51)
INSERT INTO [dbo].[DisponibilitaStraordinarioSets] ([IdDisponibilitaStraordinario], [Giorno1], [Giorno2], [Settimana]) VALUES (1065, N'Mercoledi', N'Domenica', 51)
INSERT INTO [dbo].[DisponibilitaStraordinarioSets] ([IdDisponibilitaStraordinario], [Giorno1], [Giorno2], [Settimana]) VALUES (1066, N'Giovedi', N'Venerdi', 51)
INSERT INTO [dbo].[DisponibilitaStraordinarioSets] ([IdDisponibilitaStraordinario], [Giorno1], [Giorno2], [Settimana]) VALUES (1067, N'Giovedi', N'Sabato', 51)
INSERT INTO [dbo].[DisponibilitaStraordinarioSets] ([IdDisponibilitaStraordinario], [Giorno1], [Giorno2], [Settimana]) VALUES (1068, N'Giovedi', N'Domenica', 51)
INSERT INTO [dbo].[DisponibilitaStraordinarioSets] ([IdDisponibilitaStraordinario], [Giorno1], [Giorno2], [Settimana]) VALUES (1069, N'Venerdi', N'Sabato', 51)
INSERT INTO [dbo].[DisponibilitaStraordinarioSets] ([IdDisponibilitaStraordinario], [Giorno1], [Giorno2], [Settimana]) VALUES (1070, N'Venerdi', N'Domenica', 51)
INSERT INTO [dbo].[DisponibilitaStraordinarioSets] ([IdDisponibilitaStraordinario], [Giorno1], [Giorno2], [Settimana]) VALUES (1071, N'Sabato', N'Domenica', 51)
INSERT INTO [dbo].[DisponibilitaStraordinarioSets] ([IdDisponibilitaStraordinario], [Giorno1], [Giorno2], [Settimana]) VALUES (1072, N'Lunedi', N'Martedi', 52)
INSERT INTO [dbo].[DisponibilitaStraordinarioSets] ([IdDisponibilitaStraordinario], [Giorno1], [Giorno2], [Settimana]) VALUES (1073, N'Lunedi', N'Mercoledi', 52)
INSERT INTO [dbo].[DisponibilitaStraordinarioSets] ([IdDisponibilitaStraordinario], [Giorno1], [Giorno2], [Settimana]) VALUES (1074, N'Lunedi', N'Giovedi', 52)
INSERT INTO [dbo].[DisponibilitaStraordinarioSets] ([IdDisponibilitaStraordinario], [Giorno1], [Giorno2], [Settimana]) VALUES (1075, N'Lunedi', N'Venerdi', 52)
INSERT INTO [dbo].[DisponibilitaStraordinarioSets] ([IdDisponibilitaStraordinario], [Giorno1], [Giorno2], [Settimana]) VALUES (1076, N'Lunedi', N'Sabato', 52)
INSERT INTO [dbo].[DisponibilitaStraordinarioSets] ([IdDisponibilitaStraordinario], [Giorno1], [Giorno2], [Settimana]) VALUES (1077, N'Lunedi', N'Domenica', 52)
INSERT INTO [dbo].[DisponibilitaStraordinarioSets] ([IdDisponibilitaStraordinario], [Giorno1], [Giorno2], [Settimana]) VALUES (1078, N'Martedi', N'Mercoledi', 52)
INSERT INTO [dbo].[DisponibilitaStraordinarioSets] ([IdDisponibilitaStraordinario], [Giorno1], [Giorno2], [Settimana]) VALUES (1079, N'Martedi', N'Giovedi', 52)
INSERT INTO [dbo].[DisponibilitaStraordinarioSets] ([IdDisponibilitaStraordinario], [Giorno1], [Giorno2], [Settimana]) VALUES (1080, N'Martedi', N'Venerdi', 52)
INSERT INTO [dbo].[DisponibilitaStraordinarioSets] ([IdDisponibilitaStraordinario], [Giorno1], [Giorno2], [Settimana]) VALUES (1081, N'Martedi', N'Sabato', 52)
INSERT INTO [dbo].[DisponibilitaStraordinarioSets] ([IdDisponibilitaStraordinario], [Giorno1], [Giorno2], [Settimana]) VALUES (1082, N'Martedi', N'Domenica', 52)
INSERT INTO [dbo].[DisponibilitaStraordinarioSets] ([IdDisponibilitaStraordinario], [Giorno1], [Giorno2], [Settimana]) VALUES (1083, N'Mercoledi', N'Giovedi', 52)
INSERT INTO [dbo].[DisponibilitaStraordinarioSets] ([IdDisponibilitaStraordinario], [Giorno1], [Giorno2], [Settimana]) VALUES (1084, N'Mercoledi', N'Venerdi', 52)
INSERT INTO [dbo].[DisponibilitaStraordinarioSets] ([IdDisponibilitaStraordinario], [Giorno1], [Giorno2], [Settimana]) VALUES (1085, N'Mercoledi', N'Sabato', 52)
INSERT INTO [dbo].[DisponibilitaStraordinarioSets] ([IdDisponibilitaStraordinario], [Giorno1], [Giorno2], [Settimana]) VALUES (1086, N'Mercoledi', N'Domenica', 52)
INSERT INTO [dbo].[DisponibilitaStraordinarioSets] ([IdDisponibilitaStraordinario], [Giorno1], [Giorno2], [Settimana]) VALUES (1087, N'Giovedi', N'Venerdi', 52)
INSERT INTO [dbo].[DisponibilitaStraordinarioSets] ([IdDisponibilitaStraordinario], [Giorno1], [Giorno2], [Settimana]) VALUES (1088, N'Giovedi', N'Sabato', 52)
INSERT INTO [dbo].[DisponibilitaStraordinarioSets] ([IdDisponibilitaStraordinario], [Giorno1], [Giorno2], [Settimana]) VALUES (1089, N'Giovedi', N'Domenica', 52)
INSERT INTO [dbo].[DisponibilitaStraordinarioSets] ([IdDisponibilitaStraordinario], [Giorno1], [Giorno2], [Settimana]) VALUES (1090, N'Venerdi', N'Sabato', 52)
INSERT INTO [dbo].[DisponibilitaStraordinarioSets] ([IdDisponibilitaStraordinario], [Giorno1], [Giorno2], [Settimana]) VALUES (1091, N'Venerdi', N'Domenica', 52)
INSERT INTO [dbo].[DisponibilitaStraordinarioSets] ([IdDisponibilitaStraordinario], [Giorno1], [Giorno2], [Settimana]) VALUES (1092, N'Sabato', N'Domenica', 52)
SET IDENTITY_INSERT [dbo].[DisponibilitaStraordinarioSets] OFF

--//DISPONIBILITA

--PERSONA

SET IDENTITY_INSERT [dbo].[PersoneSets] ON
INSERT INTO [dbo].[PersoneSets] ([Matricola], [Nome], [Cognome], [NumTelefono], [Ruolo], [Terminale_IdTerminale], [Password],[IsNew],[UserName]) VALUES (1, N'Fabian',  N'Aspee', N'569918598',1, null,  N'$2a$10$eRqyOTKb0jorH3b3OyfA6OXT4j7zxWTsHrBZpcWia01zvPw8g8t6u',1,N'admin')
INSERT INTO [dbo].[PersoneSets] ([Matricola], [Nome], [Cognome], [NumTelefono], [Ruolo], [Terminale_IdTerminale], [Password],[IsNew],[UserName]) VALUES (2, N'Francesco', N'Cassano',N'9184756',3, 1,  N'$2a$10$qfwfqIGX.45fEJJcWTSgrOmg9fl3uiTrK4wIWF80QotdaeJoesRji',1,N'admin2')
INSERT INTO [dbo].[PersoneSets] ([Matricola], [Nome], [Cognome], [NumTelefono], [Ruolo], [Terminale_IdTerminale], [Password],[IsNew],[UserName]) VALUES (3, N'Giovanni', N'Mormone',N'394562358',2, null,  N'$2a$10$D/dbI0c62wPSQKhzExxKJuMDQwJr/sOSDt.jNVwU0MkY34z97Wpxu',1,  N'root')
INSERT INTO [dbo].[PersoneSets] ([Matricola], [Nome], [Cognome], [NumTelefono], [Ruolo], [Terminale_IdTerminale], [Password],[IsNew],[UserName]) VALUES (4, N'Luciano',  N'Fuentes',N'365478962',3,2,  N'$2a$10$8GPdktI8Q.jxUwdEmTjPpefLjqJzSpnwUd/6pfyGB.WPN9X.XIoou',1,  N'yoyo')
INSERT INTO [dbo].[PersoneSets] ([Matricola], [Nome], [Cognome], [NumTelefono], [Ruolo], [Terminale_IdTerminale], [Password],[IsNew],[UserName]) VALUES (5, N'Valerio', N'Vigliano',N'91485236',3,3,  N'$2a$10$GsL9V.APbee.1y08dkz2ueSNpRioBM57TLcxXf892plqfu4q0X0om',1,  N'tutu')
INSERT INTO [dbo].[PersoneSets] ([Matricola], [Nome], [Cognome], [NumTelefono], [Ruolo], [Terminale_IdTerminale], [Password],[IsNew],[UserName],[DisponibilitaStraordinarioSetIdDisponibilitaStraordinario]) VALUES (6, N'Conducente', N'Maestro',N'91485236',3,3,  N'$2a$10$DxeTiUgaaqngkJIS9d2hOe4skaR1jDF5FADm/y9qMdyrNloM.VHLm',1,  N'tutu2',1)
INSERT INTO [dbo].[PersoneSets] ([Matricola], [Nome], [Cognome], [NumTelefono], [Ruolo], [Terminale_IdTerminale], [Password],[IsNew],[UserName],[DisponibilitaStraordinarioSetIdDisponibilitaStraordinario]) VALUES (7, N'Pro', N'Va',N'91485236',3,3,  N'$2a$10$DxeTiUgaaqngkJIS9d2hOe4skaR1jDF5FADm/y9qMdyrNloM.VHLm',1,  N'tutu2',1)
INSERT INTO [dbo].[PersoneSets] ([Matricola], [Nome], [Cognome], [NumTelefono], [Ruolo], [Terminale_IdTerminale], [Password],[IsNew],[UserName],[DisponibilitaStraordinarioSetIdDisponibilitaStraordinario]) VALUES (8, N'MAtto', N'Mattesi',N'91485236',3,3,  N'$2a$10$DxeTiUgaaqngkJIS9d2hOe4skaR1jDF5FADm/y9qMdyrNloM.VHLm',1,  N'tutu2',1)

SET IDENTITY_INSERT [dbo].[PersoneSets] OFF

--//PERSONA

--ASSENZA

SET IDENTITY_INSERT [dbo].[AssenzaSets] ON
INSERT INTO [dbo].[AssenzaSets] ([IdAssenza], [DataInizio], [DataFine], [IsMalattia],[PersoneSet_Matricola]) VALUES (1,N'20200622',N'20200629',0,2)
INSERT INTO [dbo].[AssenzaSets] ([IdAssenza], [DataInizio], [DataFine], [IsMalattia],[PersoneSet_Matricola]) VALUES (2,N'20200822',N'20200829',0,2)
INSERT INTO [dbo].[AssenzaSets] ([IdAssenza], [DataInizio], [DataFine], [IsMalattia],[PersoneSet_Matricola]) VALUES (3,N'20201222',N'20201231',0,5)
INSERT INTO [dbo].[AssenzaSets] ([IdAssenza], [DataInizio], [DataFine], [IsMalattia],[PersoneSet_Matricola]) VALUES (4,N'20200220',N'20200325',0,6)
INSERT INTO [dbo].[AssenzaSets] ([IdAssenza], [DataInizio], [DataFine], [IsMalattia],[PersoneSet_Matricola]) VALUES (5,N'20200622',N'20200629',0,7)

INSERT INTO [dbo].[AssenzaSets] ([IdAssenza], [DataInizio], [DataFine], [IsMalattia],[PersoneSet_Matricola]) VALUES (6,N'20200522',N'20200529',0,2)
INSERT INTO [dbo].[AssenzaSets] ([IdAssenza], [DataInizio], [DataFine], [IsMalattia],[PersoneSet_Matricola]) VALUES (7,N'20200522',N'20200529',0,4)
INSERT INTO [dbo].[AssenzaSets] ([IdAssenza], [DataInizio], [DataFine], [IsMalattia],[PersoneSet_Matricola]) VALUES (8,N'20200522',N'20200531',0,5)
INSERT INTO [dbo].[AssenzaSets] ([IdAssenza], [DataInizio], [DataFine], [IsMalattia],[PersoneSet_Matricola]) VALUES (10,N'20200522',N'20200529',0,7)

INSERT INTO [dbo].[AssenzaSets] ([IdAssenza], [DataInizio], [DataFine], [IsMalattia],[PersoneSet_Matricola]) VALUES (11,N'20200422',N'20200429',1,2)
INSERT INTO [dbo].[AssenzaSets] ([IdAssenza], [DataInizio], [DataFine], [IsMalattia],[PersoneSet_Matricola]) VALUES (12,N'20200422',N'20200429',0,4)
INSERT INTO [dbo].[AssenzaSets] ([IdAssenza], [DataInizio], [DataFine], [IsMalattia],[PersoneSet_Matricola]) VALUES (13,N'20200422',N'20200431',1,5)
INSERT INTO [dbo].[AssenzaSets] ([IdAssenza], [DataInizio], [DataFine], [IsMalattia],[PersoneSet_Matricola]) VALUES (15,N'20200422',N'20200429',1,7)

INSERT INTO [dbo].[AssenzaSets] ([IdAssenza], [DataInizio], [DataFine], [IsMalattia],[PersoneSet_Matricola]) VALUES (16,N'20200322',N'20200629',1,2)
INSERT INTO [dbo].[AssenzaSets] ([IdAssenza], [DataInizio], [DataFine], [IsMalattia],[PersoneSet_Matricola]) VALUES (18,N'20200322',N'20200331',1,5)
INSERT INTO [dbo].[AssenzaSets] ([IdAssenza], [DataInizio], [DataFine], [IsMalattia],[PersoneSet_Matricola]) VALUES (20,N'20200322',N'20200529',1,7)
INSERT INTO [dbo].[AssenzaSets] ([IdAssenza], [DataInizio], [DataFine], [IsMalattia],[PersoneSet_Matricola]) VALUES (21,N'20200511',N'20200514',1,5)
INSERT INTO [dbo].[AssenzaSets] ([IdAssenza], [DataInizio], [DataFine], [IsMalattia],[PersoneSet_Matricola]) VALUES (22,N'20200502',N'20200505',0,5)
INSERT INTO [dbo].[AssenzaSets] ([IdAssenza], [DataInizio], [DataFine], [IsMalattia],[PersoneSet_Matricola]) VALUES (23,N'20200507',N'20200510',0,5)
INSERT INTO [dbo].[AssenzaSets] ([IdAssenza], [DataInizio], [DataFine], [IsMalattia],[PersoneSet_Matricola]) VALUES (24,N'20200523',N'20200529',1,5)

SET IDENTITY_INSERT [dbo].[AssenzaSets] OFF

--//ASSENZA

--PRESENZA

SET IDENTITY_INSERT [dbo].[PresenzaSets] ON
INSERT INTO [dbo].[PresenzaSets] ([IdPresenza], [Data],[Turno_IdTurno],[Persone_Matricola],[IsStraordinario]) VALUES (1,N'20200601',1,2,0)
INSERT INTO [dbo].[PresenzaSets] ([IdPresenza], [Data],[Turno_IdTurno],[Persone_Matricola],[IsStraordinario]) VALUES (2,N'20200602',1,2,0)
INSERT INTO [dbo].[PresenzaSets] ([IdPresenza], [Data],[Turno_IdTurno],[Persone_Matricola],[IsStraordinario]) VALUES (3,N'20200603',1,2,0)
INSERT INTO [dbo].[PresenzaSets] ([IdPresenza], [Data],[Turno_IdTurno],[Persone_Matricola],[IsStraordinario]) VALUES (4,N'20200604',1,2,0)
INSERT INTO [dbo].[PresenzaSets] ([IdPresenza], [Data],[Turno_IdTurno],[Persone_Matricola],[IsStraordinario]) VALUES (5,N'20200609',2,2,0)
INSERT INTO [dbo].[PresenzaSets] ([IdPresenza], [Data],[Turno_IdTurno],[Persone_Matricola],[IsStraordinario]) VALUES (6,N'20200605',1,2,0)
INSERT INTO [dbo].[PresenzaSets] ([IdPresenza], [Data],[Turno_IdTurno],[Persone_Matricola],[IsStraordinario]) VALUES (7,N'20200606',6,2,0)
INSERT INTO [dbo].[PresenzaSets] ([IdPresenza], [Data],[Turno_IdTurno],[Persone_Matricola],[IsStraordinario]) VALUES (8,N'20200607',6,2,0)
INSERT INTO [dbo].[PresenzaSets] ([IdPresenza], [Data],[Turno_IdTurno],[Persone_Matricola],[IsStraordinario]) VALUES (9,N'20200608',4,2,0)
INSERT INTO [dbo].[PresenzaSets] ([IdPresenza], [Data],[Turno_IdTurno],[Persone_Matricola],[IsStraordinario]) VALUES (10,N'20200601',1,4,0)
INSERT INTO [dbo].[PresenzaSets] ([IdPresenza], [Data],[Turno_IdTurno],[Persone_Matricola],[IsStraordinario]) VALUES (11,N'20200602',2,4,0)
INSERT INTO [dbo].[PresenzaSets] ([IdPresenza], [Data],[Turno_IdTurno],[Persone_Matricola],[IsStraordinario]) VALUES (12,N'20200603',2,4,0)
INSERT INTO [dbo].[PresenzaSets] ([IdPresenza], [Data],[Turno_IdTurno],[Persone_Matricola],[IsStraordinario]) VALUES (13,N'20200604',5,4,0)
INSERT INTO [dbo].[PresenzaSets] ([IdPresenza], [Data],[Turno_IdTurno],[Persone_Matricola],[IsStraordinario]) VALUES (14,N'20200609',6,4,0)
INSERT INTO [dbo].[PresenzaSets] ([IdPresenza], [Data],[Turno_IdTurno],[Persone_Matricola],[IsStraordinario]) VALUES (15,N'20200605',6,4,0)
INSERT INTO [dbo].[PresenzaSets] ([IdPresenza], [Data],[Turno_IdTurno],[Persone_Matricola],[IsStraordinario]) VALUES (16,N'20200606',6,4,0)
INSERT INTO [dbo].[PresenzaSets] ([IdPresenza], [Data],[Turno_IdTurno],[Persone_Matricola],[IsStraordinario]) VALUES (17,N'20200607',6,4,0)
INSERT INTO [dbo].[PresenzaSets] ([IdPresenza], [Data],[Turno_IdTurno],[Persone_Matricola],[IsStraordinario]) VALUES (18,N'20200608',4,4,0)
INSERT INTO [dbo].[PresenzaSets] ([IdPresenza], [Data],[Turno_IdTurno],[Persone_Matricola],[IsStraordinario]) VALUES (19,N'20200601',3,5,0)
INSERT INTO [dbo].[PresenzaSets] ([IdPresenza], [Data],[Turno_IdTurno],[Persone_Matricola],[IsStraordinario]) VALUES (20,N'20200602',2,5,0)
INSERT INTO [dbo].[PresenzaSets] ([IdPresenza], [Data],[Turno_IdTurno],[Persone_Matricola],[IsStraordinario]) VALUES (21,N'20200603',1,5,0)
INSERT INTO [dbo].[PresenzaSets] ([IdPresenza], [Data],[Turno_IdTurno],[Persone_Matricola],[IsStraordinario]) VALUES (22,N'20200604',5,5,0)
INSERT INTO [dbo].[PresenzaSets] ([IdPresenza], [Data],[Turno_IdTurno],[Persone_Matricola],[IsStraordinario]) VALUES (23,N'20200609',6,5,0)
INSERT INTO [dbo].[PresenzaSets] ([IdPresenza], [Data],[Turno_IdTurno],[Persone_Matricola],[IsStraordinario]) VALUES (24,N'20200605',6,5,0)
INSERT INTO [dbo].[PresenzaSets] ([IdPresenza], [Data],[Turno_IdTurno],[Persone_Matricola],[IsStraordinario]) VALUES (25,N'20200606',5,5,0)
INSERT INTO [dbo].[PresenzaSets] ([IdPresenza], [Data],[Turno_IdTurno],[Persone_Matricola],[IsStraordinario]) VALUES (26,N'20200607',4,5,0)
INSERT INTO [dbo].[PresenzaSets] ([IdPresenza], [Data],[Turno_IdTurno],[Persone_Matricola],[IsStraordinario]) VALUES (27,N'20200608',4,5,0)
INSERT INTO [dbo].[PresenzaSets] ([IdPresenza], [Data],[Turno_IdTurno],[Persone_Matricola],[IsStraordinario]) VALUES (28,N'20200601',3,6,0)
INSERT INTO [dbo].[PresenzaSets] ([IdPresenza], [Data],[Turno_IdTurno],[Persone_Matricola],[IsStraordinario]) VALUES (29,N'20200602',2,6,0)
INSERT INTO [dbo].[PresenzaSets] ([IdPresenza], [Data],[Turno_IdTurno],[Persone_Matricola],[IsStraordinario]) VALUES (30,N'20200603',1,6,0)
INSERT INTO [dbo].[PresenzaSets] ([IdPresenza], [Data],[Turno_IdTurno],[Persone_Matricola],[IsStraordinario]) VALUES (31,N'20200604',2,6,0)
INSERT INTO [dbo].[PresenzaSets] ([IdPresenza], [Data],[Turno_IdTurno],[Persone_Matricola],[IsStraordinario]) VALUES (32,N'20200609',3,6,0)
INSERT INTO [dbo].[PresenzaSets] ([IdPresenza], [Data],[Turno_IdTurno],[Persone_Matricola],[IsStraordinario]) VALUES (33,N'20200605',4,6,0)
INSERT INTO [dbo].[PresenzaSets] ([IdPresenza], [Data],[Turno_IdTurno],[Persone_Matricola],[IsStraordinario]) VALUES (34,N'20200606',5,6,0)
INSERT INTO [dbo].[PresenzaSets] ([IdPresenza], [Data],[Turno_IdTurno],[Persone_Matricola],[IsStraordinario]) VALUES (35,N'20200607',4,6,0)
INSERT INTO [dbo].[PresenzaSets] ([IdPresenza], [Data],[Turno_IdTurno],[Persone_Matricola],[IsStraordinario]) VALUES (36,N'20200608',3,6,0)
INSERT INTO [dbo].[PresenzaSets] ([IdPresenza], [Data],[Turno_IdTurno],[Persone_Matricola],[IsStraordinario]) VALUES (37,N'20200601',3,7,0)
INSERT INTO [dbo].[PresenzaSets] ([IdPresenza], [Data],[Turno_IdTurno],[Persone_Matricola],[IsStraordinario]) VALUES (38,N'20200602',3,7,0)
INSERT INTO [dbo].[PresenzaSets] ([IdPresenza], [Data],[Turno_IdTurno],[Persone_Matricola],[IsStraordinario]) VALUES (39,N'20200603',3,7,0)
INSERT INTO [dbo].[PresenzaSets] ([IdPresenza], [Data],[Turno_IdTurno],[Persone_Matricola],[IsStraordinario]) VALUES (40,N'20200604',5,7,0)
INSERT INTO [dbo].[PresenzaSets] ([IdPresenza], [Data],[Turno_IdTurno],[Persone_Matricola],[IsStraordinario]) VALUES (41,N'20200609',5,7,0)
INSERT INTO [dbo].[PresenzaSets] ([IdPresenza], [Data],[Turno_IdTurno],[Persone_Matricola],[IsStraordinario]) VALUES (42,N'20200605',5,7,0)
INSERT INTO [dbo].[PresenzaSets] ([IdPresenza], [Data],[Turno_IdTurno],[Persone_Matricola],[IsStraordinario]) VALUES (43,N'20200606',6,7,0)
INSERT INTO [dbo].[PresenzaSets] ([IdPresenza], [Data],[Turno_IdTurno],[Persone_Matricola],[IsStraordinario]) VALUES (44,N'20200607',5,7,0)
INSERT INTO [dbo].[PresenzaSets] ([IdPresenza], [Data],[Turno_IdTurno],[Persone_Matricola],[IsStraordinario]) VALUES (45,N'20200608',4,7,0)
INSERT INTO [dbo].[PresenzaSets] ([IdPresenza], [Data],[Turno_IdTurno],[Persone_Matricola],[IsStraordinario]) VALUES (46,N'20200601',3,8,0)
INSERT INTO [dbo].[PresenzaSets] ([IdPresenza], [Data],[Turno_IdTurno],[Persone_Matricola],[IsStraordinario]) VALUES (47,N'20200602',2,8,0)
INSERT INTO [dbo].[PresenzaSets] ([IdPresenza], [Data],[Turno_IdTurno],[Persone_Matricola],[IsStraordinario]) VALUES (48,N'20200603',2,8,0)
INSERT INTO [dbo].[PresenzaSets] ([IdPresenza], [Data],[Turno_IdTurno],[Persone_Matricola],[IsStraordinario]) VALUES (49,N'20200604',1,8,0)
INSERT INTO [dbo].[PresenzaSets] ([IdPresenza], [Data],[Turno_IdTurno],[Persone_Matricola],[IsStraordinario]) VALUES (50,N'20200609',6,8,0)
INSERT INTO [dbo].[PresenzaSets] ([IdPresenza], [Data],[Turno_IdTurno],[Persone_Matricola],[IsStraordinario]) VALUES (51,N'20200605',6,8,0)
INSERT INTO [dbo].[PresenzaSets] ([IdPresenza], [Data],[Turno_IdTurno],[Persone_Matricola],[IsStraordinario]) VALUES (52,N'20200606',6,8,0)
INSERT INTO [dbo].[PresenzaSets] ([IdPresenza], [Data],[Turno_IdTurno],[Persone_Matricola],[IsStraordinario]) VALUES (53,N'20200607',5,8,0)
INSERT INTO [dbo].[PresenzaSets] ([IdPresenza], [Data],[Turno_IdTurno],[Persone_Matricola],[IsStraordinario]) VALUES (54,N'20200608',5,8,0)
INSERT INTO [dbo].[PresenzaSets] ([IdPresenza], [Data],[Turno_IdTurno],[Persone_Matricola],[IsStraordinario]) VALUES (55,N'20200609',4,8,0)
INSERT INTO [dbo].[PresenzaSets] ([IdPresenza], [Data],[Turno_IdTurno],[Persone_Matricola],[IsStraordinario]) VALUES (56,N'20200610',3,8,0)
INSERT INTO [dbo].[PresenzaSets] ([IdPresenza], [Data],[Turno_IdTurno],[Persone_Matricola],[IsStraordinario]) VALUES (57,N'20200611',2,8,0)
INSERT INTO [dbo].[PresenzaSets] ([IdPresenza], [Data],[Turno_IdTurno],[Persone_Matricola],[IsStraordinario]) VALUES (58,N'20200612',2,8,0)
INSERT INTO [dbo].[PresenzaSets] ([IdPresenza], [Data],[Turno_IdTurno],[Persone_Matricola],[IsStraordinario]) VALUES (59,N'20200613',2,8,0)
INSERT INTO [dbo].[PresenzaSets] ([IdPresenza], [Data],[Turno_IdTurno],[Persone_Matricola],[IsStraordinario]) VALUES (60,N'20200614',2,8,0)
INSERT INTO [dbo].[PresenzaSets] ([IdPresenza], [Data],[Turno_IdTurno],[Persone_Matricola],[IsStraordinario]) VALUES (61,N'20200615',3,8,0)
INSERT INTO [dbo].[PresenzaSets] ([IdPresenza], [Data],[Turno_IdTurno],[Persone_Matricola],[IsStraordinario]) VALUES (62,N'20200616',3,8,0)
INSERT INTO [dbo].[PresenzaSets] ([IdPresenza], [Data],[Turno_IdTurno],[Persone_Matricola],[IsStraordinario]) VALUES (63,N'20200617',1,8,0)
INSERT INTO [dbo].[PresenzaSets] ([IdPresenza], [Data],[Turno_IdTurno],[Persone_Matricola],[IsStraordinario]) VALUES (64,N'20200618',1,8,0)
INSERT INTO [dbo].[PresenzaSets] ([IdPresenza], [Data],[Turno_IdTurno],[Persone_Matricola],[IsStraordinario]) VALUES (65,N'20200619',1,8,0)
INSERT INTO [dbo].[PresenzaSets] ([IdPresenza], [Data],[Turno_IdTurno],[Persone_Matricola],[IsStraordinario]) VALUES (66,N'20200620',6,8,0)
INSERT INTO [dbo].[PresenzaSets] ([IdPresenza], [Data],[Turno_IdTurno],[Persone_Matricola],[IsStraordinario]) VALUES (67,N'20200621',6,8,0)
INSERT INTO [dbo].[PresenzaSets] ([IdPresenza], [Data],[Turno_IdTurno],[Persone_Matricola],[IsStraordinario]) VALUES (68,N'20200622',6,8,0)
INSERT INTO [dbo].[PresenzaSets] ([IdPresenza], [Data],[Turno_IdTurno],[Persone_Matricola],[IsStraordinario]) VALUES (69,N'20200623',6,8,0)
INSERT INTO [dbo].[PresenzaSets] ([IdPresenza], [Data],[Turno_IdTurno],[Persone_Matricola],[IsStraordinario]) VALUES (70,N'20200624',6,8,0)
INSERT INTO [dbo].[PresenzaSets] ([IdPresenza], [Data],[Turno_IdTurno],[Persone_Matricola],[IsStraordinario]) VALUES (71,N'20200625',6,8,0)
INSERT INTO [dbo].[PresenzaSets] ([IdPresenza], [Data],[Turno_IdTurno],[Persone_Matricola],[IsStraordinario]) VALUES (72,N'20200626',6,8,0)
INSERT INTO [dbo].[PresenzaSets] ([IdPresenza], [Data],[Turno_IdTurno],[Persone_Matricola],[IsStraordinario]) VALUES (73,N'20200627',1,8,0)
INSERT INTO [dbo].[PresenzaSets] ([IdPresenza], [Data],[Turno_IdTurno],[Persone_Matricola],[IsStraordinario]) VALUES (74,N'20200628',1,8,0)
INSERT INTO [dbo].[PresenzaSets] ([IdPresenza], [Data],[Turno_IdTurno],[Persone_Matricola],[IsStraordinario]) VALUES (75,N'20200629',1,8,0)
INSERT INTO [dbo].[PresenzaSets] ([IdPresenza], [Data],[Turno_IdTurno],[Persone_Matricola],[IsStraordinario]) VALUES (76,N'20200630',5,8,0)
INSERT INTO [dbo].[PresenzaSets] ([IdPresenza], [Data],[Turno_IdTurno],[Persone_Matricola],[IsStraordinario]) VALUES (77,N'20200615',5,2,0)
INSERT INTO [dbo].[PresenzaSets] ([IdPresenza], [Data],[Turno_IdTurno],[Persone_Matricola],[IsStraordinario]) VALUES (78,N'20200616',5,2,0)
INSERT INTO [dbo].[PresenzaSets] ([IdPresenza], [Data],[Turno_IdTurno],[Persone_Matricola],[IsStraordinario]) VALUES (79,N'20200617',5,2,0)
INSERT INTO [dbo].[PresenzaSets] ([IdPresenza], [Data],[Turno_IdTurno],[Persone_Matricola],[IsStraordinario]) VALUES (80,N'20200618',5,2,0)
INSERT INTO [dbo].[PresenzaSets] ([IdPresenza], [Data],[Turno_IdTurno],[Persone_Matricola],[IsStraordinario]) VALUES (81,N'20200619',5,2,0)
INSERT INTO [dbo].[PresenzaSets] ([IdPresenza], [Data],[Turno_IdTurno],[Persone_Matricola],[IsStraordinario]) VALUES (82,N'20200620',5,2,0)
INSERT INTO [dbo].[PresenzaSets] ([IdPresenza], [Data],[Turno_IdTurno],[Persone_Matricola],[IsStraordinario]) VALUES (83,N'20200621',1,2,0)
INSERT INTO [dbo].[PresenzaSets] ([IdPresenza], [Data],[Turno_IdTurno],[Persone_Matricola],[IsStraordinario]) VALUES (84,N'20200622',1,2,0)
INSERT INTO [dbo].[PresenzaSets] ([IdPresenza], [Data],[Turno_IdTurno],[Persone_Matricola],[IsStraordinario]) VALUES (85,N'20200623',1,2,0)
INSERT INTO [dbo].[PresenzaSets] ([IdPresenza], [Data],[Turno_IdTurno],[Persone_Matricola],[IsStraordinario]) VALUES (86,N'20200624',1,2,0)
INSERT INTO [dbo].[PresenzaSets] ([IdPresenza], [Data],[Turno_IdTurno],[Persone_Matricola],[IsStraordinario]) VALUES (87,N'20200625',1,2,0)
INSERT INTO [dbo].[PresenzaSets] ([IdPresenza], [Data],[Turno_IdTurno],[Persone_Matricola],[IsStraordinario]) VALUES (88,N'20200626',1,2,0)
INSERT INTO [dbo].[PresenzaSets] ([IdPresenza], [Data],[Turno_IdTurno],[Persone_Matricola],[IsStraordinario]) VALUES (89,N'20200627',1,2,0)
INSERT INTO [dbo].[PresenzaSets] ([IdPresenza], [Data],[Turno_IdTurno],[Persone_Matricola],[IsStraordinario]) VALUES (90,N'20200628',1,2,0)
INSERT INTO [dbo].[PresenzaSets] ([IdPresenza], [Data],[Turno_IdTurno],[Persone_Matricola],[IsStraordinario]) VALUES (91,N'20200629',1,2,0)
INSERT INTO [dbo].[PresenzaSets] ([IdPresenza], [Data],[Turno_IdTurno],[Persone_Matricola],[IsStraordinario]) VALUES (92,N'20200630',1,2,0)
INSERT INTO [dbo].[PresenzaSets] ([IdPresenza], [Data],[Turno_IdTurno],[Persone_Matricola],[IsStraordinario]) VALUES (93,N'20200627',1,5,0)
INSERT INTO [dbo].[PresenzaSets] ([IdPresenza], [Data],[Turno_IdTurno],[Persone_Matricola],[IsStraordinario]) VALUES (94,N'20200628',1,5,0)
INSERT INTO [dbo].[PresenzaSets] ([IdPresenza], [Data],[Turno_IdTurno],[Persone_Matricola],[IsStraordinario]) VALUES (95,N'20200629',1,5,0)
INSERT INTO [dbo].[PresenzaSets] ([IdPresenza], [Data],[Turno_IdTurno],[Persone_Matricola],[IsStraordinario]) VALUES (96,N'20200630',1,5,0)
INSERT INTO [dbo].[PresenzaSets] ([IdPresenza], [Data],[Turno_IdTurno],[Persone_Matricola],[IsStraordinario]) VALUES (97,N'20200615',1,7,0)
INSERT INTO [dbo].[PresenzaSets] ([IdPresenza], [Data],[Turno_IdTurno],[Persone_Matricola],[IsStraordinario]) VALUES (98,N'20200616',1,7,0)
INSERT INTO [dbo].[PresenzaSets] ([IdPresenza], [Data],[Turno_IdTurno],[Persone_Matricola],[IsStraordinario]) VALUES (99,N'20200617',1,7,0)
INSERT INTO [dbo].[PresenzaSets] ([IdPresenza], [Data],[Turno_IdTurno],[Persone_Matricola],[IsStraordinario]) VALUES (100,N'20200521',1,2,0)
INSERT INTO [dbo].[PresenzaSets] ([IdPresenza], [Data],[Turno_IdTurno],[Persone_Matricola],[IsStraordinario]) VALUES (101,N'20200522',1,2,0)
INSERT INTO [dbo].[PresenzaSets] ([IdPresenza], [Data],[Turno_IdTurno],[Persone_Matricola],[IsStraordinario]) VALUES (102,N'20200523',1,2,0)
INSERT INTO [dbo].[PresenzaSets] ([IdPresenza], [Data],[Turno_IdTurno],[Persone_Matricola],[IsStraordinario]) VALUES (103,N'20200524',1,2,0)
INSERT INTO [dbo].[PresenzaSets] ([IdPresenza], [Data],[Turno_IdTurno],[Persone_Matricola],[IsStraordinario]) VALUES (104,N'20200525',1,2,0)
INSERT INTO [dbo].[PresenzaSets] ([IdPresenza], [Data],[Turno_IdTurno],[Persone_Matricola],[IsStraordinario]) VALUES (105,N'20200526',1,2,0)
INSERT INTO [dbo].[PresenzaSets] ([IdPresenza], [Data],[Turno_IdTurno],[Persone_Matricola],[IsStraordinario]) VALUES (106,N'20200527',1,2,0)
INSERT INTO [dbo].[PresenzaSets] ([IdPresenza], [Data],[Turno_IdTurno],[Persone_Matricola],[IsStraordinario]) VALUES (107,N'20200528',1,2,0)
INSERT INTO [dbo].[PresenzaSets] ([IdPresenza], [Data],[Turno_IdTurno],[Persone_Matricola],[IsStraordinario]) VALUES (108,N'20200529',1,2,0)
INSERT INTO [dbo].[PresenzaSets] ([IdPresenza], [Data],[Turno_IdTurno],[Persone_Matricola],[IsStraordinario]) VALUES (109,N'20200530',1,2,0)
INSERT INTO [dbo].[PresenzaSets] ([IdPresenza], [Data],[Turno_IdTurno],[Persone_Matricola],[IsStraordinario]) VALUES (110,N'20200501',2,2,0)
INSERT INTO [dbo].[PresenzaSets] ([IdPresenza], [Data],[Turno_IdTurno],[Persone_Matricola],[IsStraordinario]) VALUES (111,N'20200521',2,4,0)
INSERT INTO [dbo].[PresenzaSets] ([IdPresenza], [Data],[Turno_IdTurno],[Persone_Matricola],[IsStraordinario]) VALUES (112,N'20200522',5,4,0)
INSERT INTO [dbo].[PresenzaSets] ([IdPresenza], [Data],[Turno_IdTurno],[Persone_Matricola],[IsStraordinario]) VALUES (113,N'20200523',6,4,0)
INSERT INTO [dbo].[PresenzaSets] ([IdPresenza], [Data],[Turno_IdTurno],[Persone_Matricola],[IsStraordinario]) VALUES (114,N'20200524',6,4,0)
INSERT INTO [dbo].[PresenzaSets] ([IdPresenza], [Data],[Turno_IdTurno],[Persone_Matricola],[IsStraordinario]) VALUES (115,N'20200525',6,4,0)
INSERT INTO [dbo].[PresenzaSets] ([IdPresenza], [Data],[Turno_IdTurno],[Persone_Matricola],[IsStraordinario]) VALUES (116,N'20200526',6,4,0)
INSERT INTO [dbo].[PresenzaSets] ([IdPresenza], [Data],[Turno_IdTurno],[Persone_Matricola],[IsStraordinario]) VALUES (117,N'20200527',4,4,0)
INSERT INTO [dbo].[PresenzaSets] ([IdPresenza], [Data],[Turno_IdTurno],[Persone_Matricola],[IsStraordinario]) VALUES (118,N'20200528',3,4,0)
INSERT INTO [dbo].[PresenzaSets] ([IdPresenza], [Data],[Turno_IdTurno],[Persone_Matricola],[IsStraordinario]) VALUES (119,N'20200529',2,4,0)
INSERT INTO [dbo].[PresenzaSets] ([IdPresenza], [Data],[Turno_IdTurno],[Persone_Matricola],[IsStraordinario]) VALUES (120,N'20200530',1,4,0)
INSERT INTO [dbo].[PresenzaSets] ([IdPresenza], [Data],[Turno_IdTurno],[Persone_Matricola],[IsStraordinario]) VALUES (121,N'20200501',5,4,0)
INSERT INTO [dbo].[PresenzaSets] ([IdPresenza], [Data],[Turno_IdTurno],[Persone_Matricola],[IsStraordinario]) VALUES (122,N'20200522',5,5,0)
INSERT INTO [dbo].[PresenzaSets] ([IdPresenza], [Data],[Turno_IdTurno],[Persone_Matricola],[IsStraordinario]) VALUES (123,N'20200523',5,5,0)
INSERT INTO [dbo].[PresenzaSets] ([IdPresenza], [Data],[Turno_IdTurno],[Persone_Matricola],[IsStraordinario]) VALUES (124,N'20200524',5,5,0)
INSERT INTO [dbo].[PresenzaSets] ([IdPresenza], [Data],[Turno_IdTurno],[Persone_Matricola],[IsStraordinario]) VALUES (125,N'20200525',5,5,0)
INSERT INTO [dbo].[PresenzaSets] ([IdPresenza], [Data],[Turno_IdTurno],[Persone_Matricola],[IsStraordinario]) VALUES (126,N'20200526',5,5,0)
INSERT INTO [dbo].[PresenzaSets] ([IdPresenza], [Data],[Turno_IdTurno],[Persone_Matricola],[IsStraordinario]) VALUES (127,N'20200527',5,5,0)
INSERT INTO [dbo].[PresenzaSets] ([IdPresenza], [Data],[Turno_IdTurno],[Persone_Matricola],[IsStraordinario]) VALUES (128,N'20200528',5,5,0)
INSERT INTO [dbo].[PresenzaSets] ([IdPresenza], [Data],[Turno_IdTurno],[Persone_Matricola],[IsStraordinario]) VALUES (129,N'20200529',5,5,0)
INSERT INTO [dbo].[PresenzaSets] ([IdPresenza], [Data],[Turno_IdTurno],[Persone_Matricola],[IsStraordinario]) VALUES (130,N'20200530',5,5,0)
INSERT INTO [dbo].[PresenzaSets] ([IdPresenza], [Data],[Turno_IdTurno],[Persone_Matricola],[IsStraordinario]) VALUES (131,N'20200501',5,5,0)
INSERT INTO [dbo].[PresenzaSets] ([IdPresenza], [Data],[Turno_IdTurno],[Persone_Matricola],[IsStraordinario]) VALUES (132,N'20200501',6,5,1)
INSERT INTO [dbo].[PresenzaSets] ([IdPresenza], [Data],[Turno_IdTurno],[Persone_Matricola],[IsStraordinario]) VALUES (133,N'20200522',5,6,0)
INSERT INTO [dbo].[PresenzaSets] ([IdPresenza], [Data],[Turno_IdTurno],[Persone_Matricola],[IsStraordinario]) VALUES (134,N'20200523',4,6,0)
INSERT INTO [dbo].[PresenzaSets] ([IdPresenza], [Data],[Turno_IdTurno],[Persone_Matricola],[IsStraordinario]) VALUES (135,N'20200524',3,6,0)
INSERT INTO [dbo].[PresenzaSets] ([IdPresenza], [Data],[Turno_IdTurno],[Persone_Matricola],[IsStraordinario]) VALUES (136,N'20200525',3,6,0)
INSERT INTO [dbo].[PresenzaSets] ([IdPresenza], [Data],[Turno_IdTurno],[Persone_Matricola],[IsStraordinario]) VALUES (137,N'20200526',3,6,0)
INSERT INTO [dbo].[PresenzaSets] ([IdPresenza], [Data],[Turno_IdTurno],[Persone_Matricola],[IsStraordinario]) VALUES (138,N'20200527',3,6,0)
INSERT INTO [dbo].[PresenzaSets] ([IdPresenza], [Data],[Turno_IdTurno],[Persone_Matricola],[IsStraordinario]) VALUES (139,N'20200528',5,6,0)
INSERT INTO [dbo].[PresenzaSets] ([IdPresenza], [Data],[Turno_IdTurno],[Persone_Matricola],[IsStraordinario]) VALUES (140,N'20200529',5,6,0)
INSERT INTO [dbo].[PresenzaSets] ([IdPresenza], [Data],[Turno_IdTurno],[Persone_Matricola],[IsStraordinario]) VALUES (141,N'20200530',5,6,0)
INSERT INTO [dbo].[PresenzaSets] ([IdPresenza], [Data],[Turno_IdTurno],[Persone_Matricola],[IsStraordinario]) VALUES (142,N'20200501',6,6,0)
INSERT INTO [dbo].[PresenzaSets] ([IdPresenza], [Data],[Turno_IdTurno],[Persone_Matricola],[IsStraordinario]) VALUES (143,N'20200501',5,6,0)
INSERT INTO [dbo].[PresenzaSets] ([IdPresenza], [Data],[Turno_IdTurno],[Persone_Matricola],[IsStraordinario]) VALUES (144,N'20200522',4,7,0)
INSERT INTO [dbo].[PresenzaSets] ([IdPresenza], [Data],[Turno_IdTurno],[Persone_Matricola],[IsStraordinario]) VALUES (145,N'20200523',3,7,0)
INSERT INTO [dbo].[PresenzaSets] ([IdPresenza], [Data],[Turno_IdTurno],[Persone_Matricola],[IsStraordinario]) VALUES (146,N'20200524',2,7,0)
INSERT INTO [dbo].[PresenzaSets] ([IdPresenza], [Data],[Turno_IdTurno],[Persone_Matricola],[IsStraordinario]) VALUES (147,N'20200525',2,7,0)
INSERT INTO [dbo].[PresenzaSets] ([IdPresenza], [Data],[Turno_IdTurno],[Persone_Matricola],[IsStraordinario]) VALUES (148,N'20200526',1,7,0)
INSERT INTO [dbo].[PresenzaSets] ([IdPresenza], [Data],[Turno_IdTurno],[Persone_Matricola],[IsStraordinario]) VALUES (149,N'20200527',6,7,0)
INSERT INTO [dbo].[PresenzaSets] ([IdPresenza], [Data],[Turno_IdTurno],[Persone_Matricola],[IsStraordinario]) VALUES (150,N'20200528',6,7,0)
INSERT INTO [dbo].[PresenzaSets] ([IdPresenza], [Data],[Turno_IdTurno],[Persone_Matricola],[IsStraordinario]) VALUES (151,N'20200529',6,7,0)
INSERT INTO [dbo].[PresenzaSets] ([IdPresenza], [Data],[Turno_IdTurno],[Persone_Matricola],[IsStraordinario]) VALUES (152,N'20200530',5,7,0)
INSERT INTO [dbo].[PresenzaSets] ([IdPresenza], [Data],[Turno_IdTurno],[Persone_Matricola],[IsStraordinario]) VALUES (153,N'20200501',5,7,0)
INSERT INTO [dbo].[PresenzaSets] ([IdPresenza], [Data],[Turno_IdTurno],[Persone_Matricola],[IsStraordinario]) VALUES (154,N'20200501',4,7,0)
INSERT INTO [dbo].[PresenzaSets] ([IdPresenza], [Data],[Turno_IdTurno],[Persone_Matricola],[IsStraordinario]) VALUES (155,N'20200422',3,2,0)
INSERT INTO [dbo].[PresenzaSets] ([IdPresenza], [Data],[Turno_IdTurno],[Persone_Matricola],[IsStraordinario]) VALUES (156,N'20200423',2,2,0)
INSERT INTO [dbo].[PresenzaSets] ([IdPresenza], [Data],[Turno_IdTurno],[Persone_Matricola],[IsStraordinario]) VALUES (157,N'20200424',2,2,0)
INSERT INTO [dbo].[PresenzaSets] ([IdPresenza], [Data],[Turno_IdTurno],[Persone_Matricola],[IsStraordinario]) VALUES (158,N'20200425',2,2,0)
INSERT INTO [dbo].[PresenzaSets] ([IdPresenza], [Data],[Turno_IdTurno],[Persone_Matricola],[IsStraordinario]) VALUES (159,N'20200426',2,2,0)
INSERT INTO [dbo].[PresenzaSets] ([IdPresenza], [Data],[Turno_IdTurno],[Persone_Matricola],[IsStraordinario]) VALUES (160,N'20200427',2,2,0)
INSERT INTO [dbo].[PresenzaSets] ([IdPresenza], [Data],[Turno_IdTurno],[Persone_Matricola],[IsStraordinario]) VALUES (161,N'20200428',2,2,0)
INSERT INTO [dbo].[PresenzaSets] ([IdPresenza], [Data],[Turno_IdTurno],[Persone_Matricola],[IsStraordinario]) VALUES (162,N'20200429',5,2,0)
INSERT INTO [dbo].[PresenzaSets] ([IdPresenza], [Data],[Turno_IdTurno],[Persone_Matricola],[IsStraordinario]) VALUES (163,N'20200430',6,2,0)
INSERT INTO [dbo].[PresenzaSets] ([IdPresenza], [Data],[Turno_IdTurno],[Persone_Matricola],[IsStraordinario]) VALUES (164,N'20200401',6,2,0)
INSERT INTO [dbo].[PresenzaSets] ([IdPresenza], [Data],[Turno_IdTurno],[Persone_Matricola],[IsStraordinario]) VALUES (165,N'20200402',6,2,0)
INSERT INTO [dbo].[PresenzaSets] ([IdPresenza], [Data],[Turno_IdTurno],[Persone_Matricola],[IsStraordinario]) VALUES (166,N'20200422',6,4,0)
INSERT INTO [dbo].[PresenzaSets] ([IdPresenza], [Data],[Turno_IdTurno],[Persone_Matricola],[IsStraordinario]) VALUES (167,N'20200423',4,4,0)
INSERT INTO [dbo].[PresenzaSets] ([IdPresenza], [Data],[Turno_IdTurno],[Persone_Matricola],[IsStraordinario]) VALUES (168,N'20200424',3,4,0)
INSERT INTO [dbo].[PresenzaSets] ([IdPresenza], [Data],[Turno_IdTurno],[Persone_Matricola],[IsStraordinario]) VALUES (169,N'20200425',2,4,0)
INSERT INTO [dbo].[PresenzaSets] ([IdPresenza], [Data],[Turno_IdTurno],[Persone_Matricola],[IsStraordinario]) VALUES (170,N'20200426',1,4,0)
INSERT INTO [dbo].[PresenzaSets] ([IdPresenza], [Data],[Turno_IdTurno],[Persone_Matricola],[IsStraordinario]) VALUES (171,N'20200427',5,4,0)
INSERT INTO [dbo].[PresenzaSets] ([IdPresenza], [Data],[Turno_IdTurno],[Persone_Matricola],[IsStraordinario]) VALUES (172,N'20200428',6,4,0)
INSERT INTO [dbo].[PresenzaSets] ([IdPresenza], [Data],[Turno_IdTurno],[Persone_Matricola],[IsStraordinario]) VALUES (173,N'20200429',6,4,0)
INSERT INTO [dbo].[PresenzaSets] ([IdPresenza], [Data],[Turno_IdTurno],[Persone_Matricola],[IsStraordinario]) VALUES (174,N'20200430',5,4,0)
INSERT INTO [dbo].[PresenzaSets] ([IdPresenza], [Data],[Turno_IdTurno],[Persone_Matricola],[IsStraordinario]) VALUES (175,N'20200401',4,4,0)
INSERT INTO [dbo].[PresenzaSets] ([IdPresenza], [Data],[Turno_IdTurno],[Persone_Matricola],[IsStraordinario]) VALUES (176,N'20200402',4,4,0)
INSERT INTO [dbo].[PresenzaSets] ([IdPresenza], [Data],[Turno_IdTurno],[Persone_Matricola],[IsStraordinario]) VALUES (177,N'20200422',3,5,0)
INSERT INTO [dbo].[PresenzaSets] ([IdPresenza], [Data],[Turno_IdTurno],[Persone_Matricola],[IsStraordinario]) VALUES (178,N'20200423',2,5,0)
INSERT INTO [dbo].[PresenzaSets] ([IdPresenza], [Data],[Turno_IdTurno],[Persone_Matricola],[IsStraordinario]) VALUES (179,N'20200424',1,5,0)
INSERT INTO [dbo].[PresenzaSets] ([IdPresenza], [Data],[Turno_IdTurno],[Persone_Matricola],[IsStraordinario]) VALUES (180,N'20200425',2,5,0)
INSERT INTO [dbo].[PresenzaSets] ([IdPresenza], [Data],[Turno_IdTurno],[Persone_Matricola],[IsStraordinario]) VALUES (181,N'20200426',3,5,0)
INSERT INTO [dbo].[PresenzaSets] ([IdPresenza], [Data],[Turno_IdTurno],[Persone_Matricola],[IsStraordinario]) VALUES (182,N'20200427',4,5,0)
INSERT INTO [dbo].[PresenzaSets] ([IdPresenza], [Data],[Turno_IdTurno],[Persone_Matricola],[IsStraordinario]) VALUES (183,N'20200428',5,5,0)
INSERT INTO [dbo].[PresenzaSets] ([IdPresenza], [Data],[Turno_IdTurno],[Persone_Matricola],[IsStraordinario]) VALUES (184,N'20200429',4,5,0)
INSERT INTO [dbo].[PresenzaSets] ([IdPresenza], [Data],[Turno_IdTurno],[Persone_Matricola],[IsStraordinario]) VALUES (185,N'20200430',3,5,0)
INSERT INTO [dbo].[PresenzaSets] ([IdPresenza], [Data],[Turno_IdTurno],[Persone_Matricola],[IsStraordinario]) VALUES (186,N'20200402',3,5,0)
INSERT INTO [dbo].[PresenzaSets] ([IdPresenza], [Data],[Turno_IdTurno],[Persone_Matricola],[IsStraordinario]) VALUES (187,N'20200403',3,5,0)
INSERT INTO [dbo].[PresenzaSets] ([IdPresenza], [Data],[Turno_IdTurno],[Persone_Matricola],[IsStraordinario]) VALUES (188,N'20200422',3,6,0)
INSERT INTO [dbo].[PresenzaSets] ([IdPresenza], [Data],[Turno_IdTurno],[Persone_Matricola],[IsStraordinario]) VALUES (189,N'20200423',5,6,0)
INSERT INTO [dbo].[PresenzaSets] ([IdPresenza], [Data],[Turno_IdTurno],[Persone_Matricola],[IsStraordinario]) VALUES (190,N'20200424',5,6,0)
INSERT INTO [dbo].[PresenzaSets] ([IdPresenza], [Data],[Turno_IdTurno],[Persone_Matricola],[IsStraordinario]) VALUES (191,N'20200425',5,6,0)
INSERT INTO [dbo].[PresenzaSets] ([IdPresenza], [Data],[Turno_IdTurno],[Persone_Matricola],[IsStraordinario]) VALUES (192,N'20200426',6,6,0)
INSERT INTO [dbo].[PresenzaSets] ([IdPresenza], [Data],[Turno_IdTurno],[Persone_Matricola],[IsStraordinario]) VALUES (193,N'20200427',5,6,0)
INSERT INTO [dbo].[PresenzaSets] ([IdPresenza], [Data],[Turno_IdTurno],[Persone_Matricola],[IsStraordinario]) VALUES (194,N'20200428',4,6,0)
INSERT INTO [dbo].[PresenzaSets] ([IdPresenza], [Data],[Turno_IdTurno],[Persone_Matricola],[IsStraordinario]) VALUES (195,N'20200429',3,6,0)
INSERT INTO [dbo].[PresenzaSets] ([IdPresenza], [Data],[Turno_IdTurno],[Persone_Matricola],[IsStraordinario]) VALUES (196,N'20200430',2,6,0)
INSERT INTO [dbo].[PresenzaSets] ([IdPresenza], [Data],[Turno_IdTurno],[Persone_Matricola],[IsStraordinario]) VALUES (197,N'20200402',2,6,0)
INSERT INTO [dbo].[PresenzaSets] ([IdPresenza], [Data],[Turno_IdTurno],[Persone_Matricola],[IsStraordinario]) VALUES (198,N'20200405',1,6,0)
INSERT INTO [dbo].[PresenzaSets] ([IdPresenza], [Data],[Turno_IdTurno],[Persone_Matricola],[IsStraordinario]) VALUES (199,N'20200401',6,7,0)
INSERT INTO [dbo].[PresenzaSets] ([IdPresenza], [Data],[Turno_IdTurno],[Persone_Matricola],[IsStraordinario]) VALUES (200,N'20200321',6,2,0)
INSERT INTO [dbo].[PresenzaSets] ([IdPresenza], [Data],[Turno_IdTurno],[Persone_Matricola],[IsStraordinario]) VALUES (201,N'20200322',6,2,0)
INSERT INTO [dbo].[PresenzaSets] ([IdPresenza], [Data],[Turno_IdTurno],[Persone_Matricola],[IsStraordinario]) VALUES (202,N'20200323',5,2,0)
INSERT INTO [dbo].[PresenzaSets] ([IdPresenza], [Data],[Turno_IdTurno],[Persone_Matricola],[IsStraordinario]) VALUES (203,N'20200324',5,2,0)
INSERT INTO [dbo].[PresenzaSets] ([IdPresenza], [Data],[Turno_IdTurno],[Persone_Matricola],[IsStraordinario]) VALUES (204,N'20200325',4,2,0)
INSERT INTO [dbo].[PresenzaSets] ([IdPresenza], [Data],[Turno_IdTurno],[Persone_Matricola],[IsStraordinario]) VALUES (205,N'20200326',3,2,0)
INSERT INTO [dbo].[PresenzaSets] ([IdPresenza], [Data],[Turno_IdTurno],[Persone_Matricola],[IsStraordinario]) VALUES (206,N'20200327',2,2,0)
INSERT INTO [dbo].[PresenzaSets] ([IdPresenza], [Data],[Turno_IdTurno],[Persone_Matricola],[IsStraordinario]) VALUES (207,N'20200328',2,2,0)
INSERT INTO [dbo].[PresenzaSets] ([IdPresenza], [Data],[Turno_IdTurno],[Persone_Matricola],[IsStraordinario]) VALUES (208,N'20200329',2,2,0)
INSERT INTO [dbo].[PresenzaSets] ([IdPresenza], [Data],[Turno_IdTurno],[Persone_Matricola],[IsStraordinario]) VALUES (209,N'20200330',2,2,0)
INSERT INTO [dbo].[PresenzaSets] ([IdPresenza], [Data],[Turno_IdTurno],[Persone_Matricola],[IsStraordinario]) VALUES (210,N'20200301',2,2,0)
INSERT INTO [dbo].[PresenzaSets] ([IdPresenza], [Data],[Turno_IdTurno],[Persone_Matricola],[IsStraordinario]) VALUES (211,N'20200321',2,4,0)
INSERT INTO [dbo].[PresenzaSets] ([IdPresenza], [Data],[Turno_IdTurno],[Persone_Matricola],[IsStraordinario]) VALUES (212,N'20200322',5,4,0)
INSERT INTO [dbo].[PresenzaSets] ([IdPresenza], [Data],[Turno_IdTurno],[Persone_Matricola],[IsStraordinario]) VALUES (213,N'20200323',6,4,0)
INSERT INTO [dbo].[PresenzaSets] ([IdPresenza], [Data],[Turno_IdTurno],[Persone_Matricola],[IsStraordinario]) VALUES (214,N'20200324',6,4,0)
INSERT INTO [dbo].[PresenzaSets] ([IdPresenza], [Data],[Turno_IdTurno],[Persone_Matricola],[IsStraordinario]) VALUES (215,N'20200325',6,4,0)
INSERT INTO [dbo].[PresenzaSets] ([IdPresenza], [Data],[Turno_IdTurno],[Persone_Matricola],[IsStraordinario]) VALUES (216,N'20200326',6,4,0)
INSERT INTO [dbo].[PresenzaSets] ([IdPresenza], [Data],[Turno_IdTurno],[Persone_Matricola],[IsStraordinario]) VALUES (217,N'20200327',4,4,0)
INSERT INTO [dbo].[PresenzaSets] ([IdPresenza], [Data],[Turno_IdTurno],[Persone_Matricola],[IsStraordinario]) VALUES (218,N'20200328',3,4,0)
INSERT INTO [dbo].[PresenzaSets] ([IdPresenza], [Data],[Turno_IdTurno],[Persone_Matricola],[IsStraordinario]) VALUES (219,N'20200329',2,4,0)
INSERT INTO [dbo].[PresenzaSets] ([IdPresenza], [Data],[Turno_IdTurno],[Persone_Matricola],[IsStraordinario]) VALUES (220,N'20200330',1,4,0)
INSERT INTO [dbo].[PresenzaSets] ([IdPresenza], [Data],[Turno_IdTurno],[Persone_Matricola],[IsStraordinario]) VALUES (221,N'20200301',5,4,0)
INSERT INTO [dbo].[PresenzaSets] ([IdPresenza], [Data],[Turno_IdTurno],[Persone_Matricola],[IsStraordinario]) VALUES (222,N'20200322',6,5,0)
INSERT INTO [dbo].[PresenzaSets] ([IdPresenza], [Data],[Turno_IdTurno],[Persone_Matricola],[IsStraordinario]) VALUES (223,N'20200323',6,5,0)
INSERT INTO [dbo].[PresenzaSets] ([IdPresenza], [Data],[Turno_IdTurno],[Persone_Matricola],[IsStraordinario]) VALUES (224,N'20200324',5,5,0)
INSERT INTO [dbo].[PresenzaSets] ([IdPresenza], [Data],[Turno_IdTurno],[Persone_Matricola],[IsStraordinario]) VALUES (225,N'20200325',4,5,0)
INSERT INTO [dbo].[PresenzaSets] ([IdPresenza], [Data],[Turno_IdTurno],[Persone_Matricola],[IsStraordinario]) VALUES (226,N'20200326',4,5,0)
INSERT INTO [dbo].[PresenzaSets] ([IdPresenza], [Data],[Turno_IdTurno],[Persone_Matricola],[IsStraordinario]) VALUES (227,N'20200327',3,5,0)
INSERT INTO [dbo].[PresenzaSets] ([IdPresenza], [Data],[Turno_IdTurno],[Persone_Matricola],[IsStraordinario]) VALUES (228,N'20200328',2,5,0)
INSERT INTO [dbo].[PresenzaSets] ([IdPresenza], [Data],[Turno_IdTurno],[Persone_Matricola],[IsStraordinario]) VALUES (229,N'20200329',1,5,0)
INSERT INTO [dbo].[PresenzaSets] ([IdPresenza], [Data],[Turno_IdTurno],[Persone_Matricola],[IsStraordinario]) VALUES (230,N'20200330',2,5,0)
INSERT INTO [dbo].[PresenzaSets] ([IdPresenza], [Data],[Turno_IdTurno],[Persone_Matricola],[IsStraordinario]) VALUES (231,N'20200301',3,5,0)
INSERT INTO [dbo].[PresenzaSets] ([IdPresenza], [Data],[Turno_IdTurno],[Persone_Matricola],[IsStraordinario]) VALUES (232,N'20200301',4,5,0)
INSERT INTO [dbo].[PresenzaSets] ([IdPresenza], [Data],[Turno_IdTurno],[Persone_Matricola],[IsStraordinario]) VALUES (233,N'20200322',5,6,0)
INSERT INTO [dbo].[PresenzaSets] ([IdPresenza], [Data],[Turno_IdTurno],[Persone_Matricola],[IsStraordinario]) VALUES (234,N'20200323',4,6,0)
INSERT INTO [dbo].[PresenzaSets] ([IdPresenza], [Data],[Turno_IdTurno],[Persone_Matricola],[IsStraordinario]) VALUES (235,N'20200324',3,6,0)
INSERT INTO [dbo].[PresenzaSets] ([IdPresenza], [Data],[Turno_IdTurno],[Persone_Matricola],[IsStraordinario]) VALUES (236,N'20200325',3,6,0)
INSERT INTO [dbo].[PresenzaSets] ([IdPresenza], [Data],[Turno_IdTurno],[Persone_Matricola],[IsStraordinario]) VALUES (237,N'20200326',3,6,0)
INSERT INTO [dbo].[PresenzaSets] ([IdPresenza], [Data],[Turno_IdTurno],[Persone_Matricola],[IsStraordinario]) VALUES (238,N'20200327',3,6,0)
INSERT INTO [dbo].[PresenzaSets] ([IdPresenza], [Data],[Turno_IdTurno],[Persone_Matricola],[IsStraordinario]) VALUES (239,N'20200328',5,6,0)
INSERT INTO [dbo].[PresenzaSets] ([IdPresenza], [Data],[Turno_IdTurno],[Persone_Matricola],[IsStraordinario]) VALUES (240,N'20200329',5,6,0)
INSERT INTO [dbo].[PresenzaSets] ([IdPresenza], [Data],[Turno_IdTurno],[Persone_Matricola],[IsStraordinario]) VALUES (241,N'20200330',5,6,0)
INSERT INTO [dbo].[PresenzaSets] ([IdPresenza], [Data],[Turno_IdTurno],[Persone_Matricola],[IsStraordinario]) VALUES (242,N'20200301',6,6,0)
INSERT INTO [dbo].[PresenzaSets] ([IdPresenza], [Data],[Turno_IdTurno],[Persone_Matricola],[IsStraordinario]) VALUES (243,N'20200301',5,6,0)
INSERT INTO [dbo].[PresenzaSets] ([IdPresenza], [Data],[Turno_IdTurno],[Persone_Matricola],[IsStraordinario]) VALUES (244,N'20200322',4,7,0)
INSERT INTO [dbo].[PresenzaSets] ([IdPresenza], [Data],[Turno_IdTurno],[Persone_Matricola],[IsStraordinario]) VALUES (245,N'20200323',3,7,0)
INSERT INTO [dbo].[PresenzaSets] ([IdPresenza], [Data],[Turno_IdTurno],[Persone_Matricola],[IsStraordinario]) VALUES (246,N'20200324',2,7,0)
INSERT INTO [dbo].[PresenzaSets] ([IdPresenza], [Data],[Turno_IdTurno],[Persone_Matricola],[IsStraordinario]) VALUES (247,N'20200325',2,7,0)
INSERT INTO [dbo].[PresenzaSets] ([IdPresenza], [Data],[Turno_IdTurno],[Persone_Matricola],[IsStraordinario]) VALUES (248,N'20200326',1,7,0)
INSERT INTO [dbo].[PresenzaSets] ([IdPresenza], [Data],[Turno_IdTurno],[Persone_Matricola],[IsStraordinario]) VALUES (249,N'20200327',6,7,0)
INSERT INTO [dbo].[PresenzaSets] ([IdPresenza], [Data],[Turno_IdTurno],[Persone_Matricola],[IsStraordinario]) VALUES (250,N'20200328',6,7,0)
INSERT INTO [dbo].[PresenzaSets] ([IdPresenza], [Data],[Turno_IdTurno],[Persone_Matricola],[IsStraordinario]) VALUES (251,N'20200329',6,7,0)
INSERT INTO [dbo].[PresenzaSets] ([IdPresenza], [Data],[Turno_IdTurno],[Persone_Matricola],[IsStraordinario]) VALUES (252,N'20200330',5,7,0)
INSERT INTO [dbo].[PresenzaSets] ([IdPresenza], [Data],[Turno_IdTurno],[Persone_Matricola],[IsStraordinario]) VALUES (253,N'20200301',5,7,0)
INSERT INTO [dbo].[PresenzaSets] ([IdPresenza], [Data],[Turno_IdTurno],[Persone_Matricola],[IsStraordinario]) VALUES (254,N'20200301',4,7,0)
INSERT INTO [dbo].[PresenzaSets] ([IdPresenza], [Data],[Turno_IdTurno],[Persone_Matricola],[IsStraordinario]) VALUES (255,N'20200222',3,2,0)
INSERT INTO [dbo].[PresenzaSets] ([IdPresenza], [Data],[Turno_IdTurno],[Persone_Matricola],[IsStraordinario]) VALUES (256,N'20200223',2,2,0)
INSERT INTO [dbo].[PresenzaSets] ([IdPresenza], [Data],[Turno_IdTurno],[Persone_Matricola],[IsStraordinario]) VALUES (257,N'20200224',2,2,0)
INSERT INTO [dbo].[PresenzaSets] ([IdPresenza], [Data],[Turno_IdTurno],[Persone_Matricola],[IsStraordinario]) VALUES (258,N'20200225',2,2,0)
INSERT INTO [dbo].[PresenzaSets] ([IdPresenza], [Data],[Turno_IdTurno],[Persone_Matricola],[IsStraordinario]) VALUES (259,N'20200226',2,2,0)
INSERT INTO [dbo].[PresenzaSets] ([IdPresenza], [Data],[Turno_IdTurno],[Persone_Matricola],[IsStraordinario]) VALUES (260,N'20200227',2,2,0)
INSERT INTO [dbo].[PresenzaSets] ([IdPresenza], [Data],[Turno_IdTurno],[Persone_Matricola],[IsStraordinario]) VALUES (261,N'20200228',2,2,0)
INSERT INTO [dbo].[PresenzaSets] ([IdPresenza], [Data],[Turno_IdTurno],[Persone_Matricola],[IsStraordinario]) VALUES (262,N'20200229',5,2,0)
INSERT INTO [dbo].[PresenzaSets] ([IdPresenza], [Data],[Turno_IdTurno],[Persone_Matricola],[IsStraordinario]) VALUES (263,N'20200211',6,2,0)
INSERT INTO [dbo].[PresenzaSets] ([IdPresenza], [Data],[Turno_IdTurno],[Persone_Matricola],[IsStraordinario]) VALUES (264,N'20200201',6,2,0)
INSERT INTO [dbo].[PresenzaSets] ([IdPresenza], [Data],[Turno_IdTurno],[Persone_Matricola],[IsStraordinario]) VALUES (265,N'20200202',6,2,0)
INSERT INTO [dbo].[PresenzaSets] ([IdPresenza], [Data],[Turno_IdTurno],[Persone_Matricola],[IsStraordinario]) VALUES (266,N'20200222',6,4,0)
INSERT INTO [dbo].[PresenzaSets] ([IdPresenza], [Data],[Turno_IdTurno],[Persone_Matricola],[IsStraordinario]) VALUES (267,N'20200223',4,4,0)
INSERT INTO [dbo].[PresenzaSets] ([IdPresenza], [Data],[Turno_IdTurno],[Persone_Matricola],[IsStraordinario]) VALUES (268,N'20200224',3,4,0)
INSERT INTO [dbo].[PresenzaSets] ([IdPresenza], [Data],[Turno_IdTurno],[Persone_Matricola],[IsStraordinario]) VALUES (269,N'20200225',2,4,0)
INSERT INTO [dbo].[PresenzaSets] ([IdPresenza], [Data],[Turno_IdTurno],[Persone_Matricola],[IsStraordinario]) VALUES (270,N'20200226',1,4,0)
INSERT INTO [dbo].[PresenzaSets] ([IdPresenza], [Data],[Turno_IdTurno],[Persone_Matricola],[IsStraordinario]) VALUES (271,N'20200227',5,4,0)
INSERT INTO [dbo].[PresenzaSets] ([IdPresenza], [Data],[Turno_IdTurno],[Persone_Matricola],[IsStraordinario]) VALUES (272,N'20200228',6,4,0)
INSERT INTO [dbo].[PresenzaSets] ([IdPresenza], [Data],[Turno_IdTurno],[Persone_Matricola],[IsStraordinario]) VALUES (273,N'20200229',6,4,0)
INSERT INTO [dbo].[PresenzaSets] ([IdPresenza], [Data],[Turno_IdTurno],[Persone_Matricola],[IsStraordinario]) VALUES (274,N'20200212',5,4,0)
INSERT INTO [dbo].[PresenzaSets] ([IdPresenza], [Data],[Turno_IdTurno],[Persone_Matricola],[IsStraordinario]) VALUES (275,N'20200201',4,4,0)
INSERT INTO [dbo].[PresenzaSets] ([IdPresenza], [Data],[Turno_IdTurno],[Persone_Matricola],[IsStraordinario]) VALUES (276,N'20200202',4,4,0)
INSERT INTO [dbo].[PresenzaSets] ([IdPresenza], [Data],[Turno_IdTurno],[Persone_Matricola],[IsStraordinario]) VALUES (277,N'20200222',3,5,0)
INSERT INTO [dbo].[PresenzaSets] ([IdPresenza], [Data],[Turno_IdTurno],[Persone_Matricola],[IsStraordinario]) VALUES (278,N'20200223',2,5,0)
INSERT INTO [dbo].[PresenzaSets] ([IdPresenza], [Data],[Turno_IdTurno],[Persone_Matricola],[IsStraordinario]) VALUES (279,N'20200224',1,5,0)
INSERT INTO [dbo].[PresenzaSets] ([IdPresenza], [Data],[Turno_IdTurno],[Persone_Matricola],[IsStraordinario]) VALUES (280,N'20200225',2,5,0)
INSERT INTO [dbo].[PresenzaSets] ([IdPresenza], [Data],[Turno_IdTurno],[Persone_Matricola],[IsStraordinario]) VALUES (281,N'20200226',3,5,0)
INSERT INTO [dbo].[PresenzaSets] ([IdPresenza], [Data],[Turno_IdTurno],[Persone_Matricola],[IsStraordinario]) VALUES (282,N'20200227',4,5,0)
INSERT INTO [dbo].[PresenzaSets] ([IdPresenza], [Data],[Turno_IdTurno],[Persone_Matricola],[IsStraordinario]) VALUES (283,N'20200228',5,5,0)
INSERT INTO [dbo].[PresenzaSets] ([IdPresenza], [Data],[Turno_IdTurno],[Persone_Matricola],[IsStraordinario]) VALUES (284,N'20200229',4,5,0)
INSERT INTO [dbo].[PresenzaSets] ([IdPresenza], [Data],[Turno_IdTurno],[Persone_Matricola],[IsStraordinario]) VALUES (285,N'20200212',3,5,0)
INSERT INTO [dbo].[PresenzaSets] ([IdPresenza], [Data],[Turno_IdTurno],[Persone_Matricola],[IsStraordinario]) VALUES (286,N'20200202',3,5,0)
INSERT INTO [dbo].[PresenzaSets] ([IdPresenza], [Data],[Turno_IdTurno],[Persone_Matricola],[IsStraordinario]) VALUES (287,N'20200203',3,5,0)
INSERT INTO [dbo].[PresenzaSets] ([IdPresenza], [Data],[Turno_IdTurno],[Persone_Matricola],[IsStraordinario]) VALUES (288,N'20200222',3,6,0)
INSERT INTO [dbo].[PresenzaSets] ([IdPresenza], [Data],[Turno_IdTurno],[Persone_Matricola],[IsStraordinario]) VALUES (289,N'20200223',5,6,0)
INSERT INTO [dbo].[PresenzaSets] ([IdPresenza], [Data],[Turno_IdTurno],[Persone_Matricola],[IsStraordinario]) VALUES (290,N'20200224',5,6,0)
INSERT INTO [dbo].[PresenzaSets] ([IdPresenza], [Data],[Turno_IdTurno],[Persone_Matricola],[IsStraordinario]) VALUES (291,N'20200225',5,6,0)
INSERT INTO [dbo].[PresenzaSets] ([IdPresenza], [Data],[Turno_IdTurno],[Persone_Matricola],[IsStraordinario]) VALUES (292,N'20200226',6,6,0)
INSERT INTO [dbo].[PresenzaSets] ([IdPresenza], [Data],[Turno_IdTurno],[Persone_Matricola],[IsStraordinario]) VALUES (293,N'20200227',5,6,0)
INSERT INTO [dbo].[PresenzaSets] ([IdPresenza], [Data],[Turno_IdTurno],[Persone_Matricola],[IsStraordinario]) VALUES (294,N'20200228',4,6,0)
INSERT INTO [dbo].[PresenzaSets] ([IdPresenza], [Data],[Turno_IdTurno],[Persone_Matricola],[IsStraordinario]) VALUES (295,N'20200229',3,6,0)
INSERT INTO [dbo].[PresenzaSets] ([IdPresenza], [Data],[Turno_IdTurno],[Persone_Matricola],[IsStraordinario]) VALUES (296,N'20200212',2,6,0)
INSERT INTO [dbo].[PresenzaSets] ([IdPresenza], [Data],[Turno_IdTurno],[Persone_Matricola],[IsStraordinario]) VALUES (297,N'20200202',2,6,0)
INSERT INTO [dbo].[PresenzaSets] ([IdPresenza], [Data],[Turno_IdTurno],[Persone_Matricola],[IsStraordinario]) VALUES (298,N'20200205',1,6,0)
INSERT INTO [dbo].[PresenzaSets] ([IdPresenza], [Data],[Turno_IdTurno],[Persone_Matricola],[IsStraordinario]) VALUES (299,N'20200201',6,7,0)
INSERT INTO [dbo].[PresenzaSets] ([IdPresenza], [Data],[Turno_IdTurno],[Persone_Matricola],[IsStraordinario]) VALUES (300,N'20200211',6,7,0)
INSERT INTO [dbo].[PresenzaSets] ([IdPresenza], [Data],[Turno_IdTurno],[Persone_Matricola],[IsStraordinario]) VALUES (301,N'20200222',6,7,0)
INSERT INTO [dbo].[PresenzaSets] ([IdPresenza], [Data],[Turno_IdTurno],[Persone_Matricola],[IsStraordinario]) VALUES (302,N'20200223',5,7,0)
INSERT INTO [dbo].[PresenzaSets] ([IdPresenza], [Data],[Turno_IdTurno],[Persone_Matricola],[IsStraordinario]) VALUES (303,N'20200224',5,7,0)
INSERT INTO [dbo].[PresenzaSets] ([IdPresenza], [Data],[Turno_IdTurno],[Persone_Matricola],[IsStraordinario]) VALUES (304,N'20200225',4,7,0)
INSERT INTO [dbo].[PresenzaSets] ([IdPresenza], [Data],[Turno_IdTurno],[Persone_Matricola],[IsStraordinario]) VALUES (305,N'20200226',3,7,0)
INSERT INTO [dbo].[PresenzaSets] ([IdPresenza], [Data],[Turno_IdTurno],[Persone_Matricola],[IsStraordinario]) VALUES (306,N'20200227',2,7,0)
INSERT INTO [dbo].[PresenzaSets] ([IdPresenza], [Data],[Turno_IdTurno],[Persone_Matricola],[IsStraordinario]) VALUES (307,N'20200228',2,7,0)
INSERT INTO [dbo].[PresenzaSets] ([IdPresenza], [Data],[Turno_IdTurno],[Persone_Matricola],[IsStraordinario]) VALUES (308,N'20200229',2,7,0)
INSERT INTO [dbo].[PresenzaSets] ([IdPresenza], [Data],[Turno_IdTurno],[Persone_Matricola],[IsStraordinario]) VALUES (309,N'20200212',2,7,0)

INSERT INTO [dbo].[PresenzaSets] ([IdPresenza], [Data],[Turno_IdTurno],[Persone_Matricola],[IsStraordinario]) VALUES (310, N'20200622',2,2,1)
INSERT INTO [dbo].[PresenzaSets] ([IdPresenza], [Data],[Turno_IdTurno],[Persone_Matricola],[IsStraordinario]) VALUES (311, N'20200619',4,4,1)
INSERT INTO [dbo].[PresenzaSets] ([IdPresenza], [Data],[Turno_IdTurno],[Persone_Matricola],[IsStraordinario]) VALUES (312, N'20200630',5,5,1)
INSERT INTO [dbo].[PresenzaSets] ([IdPresenza], [Data],[Turno_IdTurno],[Persone_Matricola],[IsStraordinario]) VALUES (313, N'20200618',2,7,1)
INSERT INTO [dbo].[PresenzaSets] ([IdPresenza], [Data],[Turno_IdTurno],[Persone_Matricola],[IsStraordinario]) VALUES (314, N'20200602',4,8,1)

SET IDENTITY_INSERT [dbo].[PresenzaSets] OFF

--//PRESENZA

--STIPENDIO

SET IDENTITY_INSERT [dbo].[StipendioSets] ON
INSERT INTO [dbo].[StipendioSets] ([IdStipendio], [Data],[Valore],[PersoneSet_Matricola]) VALUES (1,N'20200501',1700,2)
INSERT INTO [dbo].[StipendioSets] ([IdStipendio], [Data],[Valore],[PersoneSet_Matricola]) VALUES (2,N'20200501',2000,4)
INSERT INTO [dbo].[StipendioSets] ([IdStipendio], [Data],[Valore],[PersoneSet_Matricola]) VALUES (3,N'20200501',2900,5)
INSERT INTO [dbo].[StipendioSets] ([IdStipendio], [Data],[Valore],[PersoneSet_Matricola]) VALUES (4,N'20200501',3300,6)
INSERT INTO [dbo].[StipendioSets] ([IdStipendio], [Data],[Valore],[PersoneSet_Matricola]) VALUES (5,N'20200501',3000,7)
INSERT INTO [dbo].[StipendioSets] ([IdStipendio], [Data],[Valore],[PersoneSet_Matricola]) VALUES (6,N'20200401',1700,2)
INSERT INTO [dbo].[StipendioSets] ([IdStipendio], [Data],[Valore],[PersoneSet_Matricola]) VALUES (7,N'20200401',2000,4)
INSERT INTO [dbo].[StipendioSets] ([IdStipendio], [Data],[Valore],[PersoneSet_Matricola]) VALUES (8,N'20200401',2900,5)
INSERT INTO [dbo].[StipendioSets] ([IdStipendio], [Data],[Valore],[PersoneSet_Matricola]) VALUES (9,N'20200401',3300,6)
INSERT INTO [dbo].[StipendioSets] ([IdStipendio], [Data],[Valore],[PersoneSet_Matricola]) VALUES (10,N'20200401',3000,7)
INSERT INTO [dbo].[StipendioSets] ([IdStipendio], [Data],[Valore],[PersoneSet_Matricola]) VALUES (11,N'20200301',3000,2)
INSERT INTO [dbo].[StipendioSets] ([IdStipendio], [Data],[Valore],[PersoneSet_Matricola]) VALUES (12,N'20200301',3000,4)
INSERT INTO [dbo].[StipendioSets] ([IdStipendio], [Data],[Valore],[PersoneSet_Matricola]) VALUES (13,N'20200301',3000,5)
INSERT INTO [dbo].[StipendioSets] ([IdStipendio], [Data],[Valore],[PersoneSet_Matricola]) VALUES (14,N'20200301',3000,6)
INSERT INTO [dbo].[StipendioSets] ([IdStipendio], [Data],[Valore],[PersoneSet_Matricola]) VALUES (15,N'20200301',3000,7)
INSERT INTO [dbo].[StipendioSets] ([IdStipendio], [Data],[Valore],[PersoneSet_Matricola]) VALUES (16,N'20200201',3000,2)
INSERT INTO [dbo].[StipendioSets] ([IdStipendio], [Data],[Valore],[PersoneSet_Matricola]) VALUES (17,N'20200201',3000,4)
INSERT INTO [dbo].[StipendioSets] ([IdStipendio], [Data],[Valore],[PersoneSet_Matricola]) VALUES (18,N'20200201',3000,5)
INSERT INTO [dbo].[StipendioSets] ([IdStipendio], [Data],[Valore],[PersoneSet_Matricola]) VALUES (19,N'20200201',3000,6)
INSERT INTO [dbo].[StipendioSets] ([IdStipendio], [Data],[Valore],[PersoneSet_Matricola]) VALUES (20,N'20200201',3000,7)

SET IDENTITY_INSERT [dbo].[StipendioSets] OFF

--//STIPENDIO

--CONTRATTO

SET IDENTITY_INSERT [dbo].[ContratoeSets] ON
INSERT INTO [dbo].[ContratoeSets] ([IdContratto], [TipoContratto], [TurnoFisso],[PartTime],[Ruolo]) VALUES (1, N'Full-Time-5x2', 1, 0, 3)
INSERT INTO [dbo].[ContratoeSets] ([IdContratto], [TipoContratto], [TurnoFisso],[PartTime],[Ruolo]) VALUES (2, N'Full-Time-5x2', 0, 0, 3)
INSERT INTO [dbo].[ContratoeSets] ([IdContratto], [TipoContratto], [TurnoFisso],[PartTime],[Ruolo]) VALUES (3, N'Part-Time-5x2', 1, 1, 3)
INSERT INTO [dbo].[ContratoeSets] ([IdContratto], [TipoContratto], [TurnoFisso],[PartTime],[Ruolo]) VALUES (4, N'Part-Time-5x2', 0, 1, 3)
INSERT INTO [dbo].[ContratoeSets] ([IdContratto], [TipoContratto], [TurnoFisso],[PartTime],[Ruolo]) VALUES (5, N'Full-Time-6x1', 1, 0, 3)
INSERT INTO [dbo].[ContratoeSets] ([IdContratto], [TipoContratto], [TurnoFisso],[PartTime],[Ruolo]) VALUES (6, N'Full-Time-6x1', 0, 0, 3)
INSERT INTO [dbo].[ContratoeSets] ([IdContratto], [TipoContratto], [TurnoFisso],[PartTime],[Ruolo]) VALUES (7, N'Part-Time-6x1', 1, 1, 3)
INSERT INTO [dbo].[ContratoeSets] ([IdContratto], [TipoContratto], [TurnoFisso],[PartTime],[Ruolo]) VALUES (8, N'Part-Time-6x1', 0, 1, 3)
INSERT INTO [dbo].[ContratoeSets] ([IdContratto], [TipoContratto], [TurnoFisso],[PartTime],[Ruolo]) VALUES (9, N'Manager',0, 0, 1)
INSERT INTO [dbo].[ContratoeSets] ([IdContratto], [TipoContratto], [TurnoFisso],[PartTime],[Ruolo]) VALUES (10, N'Risorse Umane',0, 0, 2)
SET IDENTITY_INSERT [dbo].[ContratoeSets] OFF

--//CONTRATTO

--STORICOCONTRATTO

SET IDENTITY_INSERT [dbo].[StoricoContrattoSets] ON
INSERT INTO [dbo].[StoricoContrattoSets] ([IdStoricoContratto], [DataInizio], [DataFine], [Persone_Matricola], [Contrato_IdContratto], [Turno_IdTurno], [Turno1_IdTurno]) VALUES (1, N'20200622',N'20200822',1,1,1,2 )
INSERT INTO [dbo].[StoricoContrattoSets] ([IdStoricoContratto], [DataInizio], [DataFine], [Persone_Matricola], [Contrato_IdContratto], [Turno_IdTurno], [Turno1_IdTurno]) VALUES (2, N'20200619',N'20201019',2,2,2,3 )
INSERT INTO [dbo].[StoricoContrattoSets] ([IdStoricoContratto], [DataInizio], [DataFine], [Persone_Matricola], [Contrato_IdContratto], [Turno_IdTurno], [Turno1_IdTurno]) VALUES (3, N'20200530',N'20210530',3,3,3, null)
INSERT INTO [dbo].[StoricoContrattoSets] ([IdStoricoContratto], [DataInizio], [DataFine], [Persone_Matricola], [Contrato_IdContratto], [Turno_IdTurno], [Turno1_IdTurno]) VALUES (4, N'20200531',N'20220531',4,4,4, null)
INSERT INTO [dbo].[StoricoContrattoSets] ([IdStoricoContratto], [DataInizio], [DataFine], [Persone_Matricola], [Contrato_IdContratto], [Turno_IdTurno], [Turno1_IdTurno]) VALUES (5, N'20200602',N'20201222',6,5,5,6)

INSERT INTO [dbo].[StoricoContrattoSets] ([IdStoricoContratto], [DataInizio], [DataFine], [Persone_Matricola], [Contrato_IdContratto], [Turno_IdTurno], [Turno1_IdTurno]) VALUES (6, N'20200602',N'20201222',6,5,5,6)
INSERT INTO [dbo].[StoricoContrattoSets] ([IdStoricoContratto], [DataInizio], [DataFine], [Persone_Matricola], [Contrato_IdContratto], [Turno_IdTurno], [Turno1_IdTurno]) VALUES (7, N'20200602',N'20201222',6,5,5,6)
INSERT INTO [dbo].[StoricoContrattoSets] ([IdStoricoContratto], [DataInizio], [DataFine], [Persone_Matricola], [Contrato_IdContratto], [Turno_IdTurno], [Turno1_IdTurno]) VALUES (8, N'20200602',N'20201222',6,5,5,6)
INSERT INTO [dbo].[StoricoContrattoSets] ([IdStoricoContratto], [DataInizio], [DataFine], [Persone_Matricola], [Contrato_IdContratto], [Turno_IdTurno], [Turno1_IdTurno]) VALUES (9, N'20200602',N'20201222',5,5,5,6)
INSERT INTO [dbo].[StoricoContrattoSets] ([IdStoricoContratto], [DataInizio], [DataFine], [Persone_Matricola], [Contrato_IdContratto], [Turno_IdTurno], [Turno1_IdTurno]) VALUES (10, N'20200602',N'20201222',5,5,5,6)

INSERT INTO [dbo].[StoricoContrattoSets] ([IdStoricoContratto], [DataInizio], [DataFine], [Persone_Matricola], [Contrato_IdContratto], [Turno_IdTurno], [Turno1_IdTurno]) VALUES (11, N'20200602',N'20201222',8,5,5,6)
INSERT INTO [dbo].[StoricoContrattoSets] ([IdStoricoContratto], [DataInizio], [DataFine], [Persone_Matricola], [Contrato_IdContratto], [Turno_IdTurno], [Turno1_IdTurno]) VALUES (12, N'20200602',N'20201222',8,5,5,6)
INSERT INTO [dbo].[StoricoContrattoSets] ([IdStoricoContratto], [DataInizio], [DataFine], [Persone_Matricola], [Contrato_IdContratto], [Turno_IdTurno], [Turno1_IdTurno]) VALUES (13, N'20200602',N'20201222',7,5,5,6)
INSERT INTO [dbo].[StoricoContrattoSets] ([IdStoricoContratto], [DataInizio], [DataFine], [Persone_Matricola], [Contrato_IdContratto], [Turno_IdTurno], [Turno1_IdTurno]) VALUES (14, N'20200602',N'20201222',7,5,5,6)
INSERT INTO [dbo].[StoricoContrattoSets] ([IdStoricoContratto], [DataInizio], [DataFine], [Persone_Matricola], [Contrato_IdContratto], [Turno_IdTurno], [Turno1_IdTurno]) VALUES (15, N'20200602',N'20201222',7,5,5,6)

SET IDENTITY_INSERT [dbo].[StoricoContrattoSets] OFF


--//STORICOCONTRATTO
select * from [dbo].[PresenzaSets] where Persone_Matricola = 5
select * from AssenzaSets;
select * from StipendioSets
select * from PersoneSets
select * from PersoneSets full join AssenzaSets on Matricola=PersoneSet_Matricola

select * from PersoneSets where Ruolo = 3
select * from StoricoContrattoSets

select * from PresenzaSets
select * from TurnoSets

select * from RichiestaTeoricaSets order by TerminalSetIdTerminale

select "DataInizio", "DataFine", "TerminalSetIdTerminale", "IdRichiestaTeorica" from "RichiestaTeoricaSets"
where ((("DataInizio" <= (convert(date, {d '2020-07-01'}))) and ("DataFine" >= (convert(date, {d '2020-12-31'}))))
  or (("DataInizio" <= (convert(date, {d '2020-07-01'}))) and ("DataFine" <= (convert(date, {d '2020-12-31'}))))
   or (("DataInizio" >= (convert(date, {d '2020-07-01'}))) and ("DataFine" >= (convert(date, {d '2020-12-31'})))))
    and ("TerminalSetIdTerminale" in (1, 2))


select "DataInizio", "DataFine", "TerminalSetIdTerminale", "IdRichiestaTeorica" from "RichiestaTeoricaSets"
where (("DataInizio"<= N'20200701' and "DataFine" >=  N'20200701')
           or ("DataFine" <=  N'20201231' and "DataFine" >=  N'20201231'))
  and ("TerminalSetIdTerminale" in (1, 2))

select * from PersoneSets where nome='conducente187'

select "DataInizio", "DataFine", "TerminalSetIdTerminale", "IdRichiestaTeorica" from "RichiestaTeoricaSets"
where ((("DataInizio" <= (convert(date, {d '2020-01-01'}))) and ("DataFine" >= (convert(date, {d '2020-12-31'}))))
or (("DataFine" <= (convert(date, {d '2020-12-31'}))) and ("DataFine" >= (convert(date, {d '2020-12-31'})))))

select s37."Persone_Matricola" from "PersoneSets" s40, "StoricoContrattoSets" s37, "DisponibilitaStraordinarioSets" s35, "RisultatoSets" s36
where (((((s36."Data" = (convert(date, {d '2020-06-18'}))) and (not (s36."Turno_IdTurno" = 5))) and (s35."Settimana" = 25))
    and ((s35."Giorno1" = 'Giovedi') or (s35."Giorno2" = 'Giovedi'))) and (((s37."DataFine" >= (convert(date, {d '2020-06-18'}))) or
                                                                            (not (s37."DataFine" is not null))) and (s37."DataInizio" <= (convert(date, {d '2020-06-18'}))))) and ((((((s40."Matricola" = s37."Persone_Matricola")
    and (s40."DisponibilitaStraordinarioSetIdDisponibilitaStraordinario" = s35."IdDisponibilitaStraordinario")) and (s36."Persone_Matricola" = s40."Matricola"))
    and (s40."Terminale_IdTerminale" = 3)) and (s40."Matricola" in (6, 7, 8, 9, 10, 11, 12, 13, 14, 15, 16, 17, 18, 19)))
    and (s40."DisponibilitaStraordinarioSetIdDisponibilitaStraordinario" is not null))


select s37."Persone_Matricola" from "PersoneSets" s40, "StoricoContrattoSets" s37, "DisponibilitaStraordinarioSets" s35, "RisultatoSets" s36 where
    (((((s36."Data" = (convert(date, {d '2020-06-18'}))) and (not (s36."Turno_IdTurno" = 5))) and (s35."Settimana" = 25))
        and ((s35."Giorno1" = 'Giovedi') or (s35."Giorno2" = 'Giovedi'))) and (((((not (s37."Turno_IdTurno" = 5)) or (not (s37."Turno1_IdTurno" = 5)))
        and ((s37."DataFine" >= (convert(date, {d '2020-06-18'}))) or (not (s37."DataFine" is not null))))
        and (s37."DataInizio" <= (convert(date, {d '2020-06-18'}))))))    and ((((((s40."Matricola" = s37."Persone_Matricola") and (s36."Persone_Matricola" = s40."Matricola"))
        and (s40."DisponibilitaStraordinarioSetIdDisponibilitaStraordinario" = s35."IdDisponibilitaStraordinario"))
        and (s40."Matricola" in (6, 7, 8, 9, 10, 11, 12, 13, 14, 15, 16, 17, 18, 19))) and (s40."Terminale_IdTerminale" = 3)) and (s40."DisponibilitaStraordinarioSetIdDisponibilitaStraordinario" is not null))


select * from risultatosets where idrisultato=391
